uploader_id,channel,channel_id,channel_follower_count,creator,artist,title,thumbnail,id,duration,duration_string,view_count,like_count,comment_count,repost_count,average_rating,categories,tags,language,age_limit,live_status,was_live,availability,playlist,playlist_id,playlist_title,playlist_index,n_entries,fps,resolution,format_id,ext,vcodec,acodec,dynamic_range,aspect_ratio,filesize,tbr,vbr,abr,asr,audio_channels,extractor,extractor_key,webpage_url,original_url,webpage_url_basename,webpage_url_domain,upload_date,timestamp,release_date,release_timestamp,modified_date,license,epoch
@wpopoff6461,wPopoff,UC4KyIYZD1CfGCsfgB6b9gAw,251000,,,What's The Hardest Level I Can Sightread!? (funny warning),https://i.ytimg.com/vi/wWPEhE68_Zs/maxresdefault.jpg,wWPEhE68_Zs,1208,20:08,180791,13082,1100,,,['Gaming'],[],en,0,not_live,False,public,,,,,,30,640x360,18,mp4,avc1.42001E,mp4a.40.2,SDR,1.78,93410688,618.735,,,44100,2,youtube,Youtube,https://www.youtube.com/watch?v=wWPEhE68_Zs,https://www.youtube.com/watch?v=wWPEhE68_Zs,watch,youtube.com,20260723,1784780937,,,,,1785167158
@wpopoff6461,wPopoff,UC4KyIYZD1CfGCsfgB6b9gAw,251000,,,GD History Repeats Itself! (Two Top 1's in One Day),https://i.ytimg.com/vi/qNdPT3G3Yok/maxresdefault.jpg,qNdPT3G3Yok,655,10:55,151188,11256,1100,,,['Gaming'],[],en,0,not_live,False,public,,,,,,30,640x360,18,mp4,avc1.42001E,mp4a.40.2,SDR,1.78,39107083,477.771,,,44100,2,youtube,Youtube,https://www.youtube.com/watch?v=qNdPT3G3Yok,https://www.youtube.com/watch?v=qNdPT3G3Yok,watch,youtube.com,20260715,1784094431,,,,,1785167160
@wpopoff6461,wPopoff,UC4KyIYZD1CfGCsfgB6b9gAw,251000,,,(Top 45) Snowbound 100% Brrrr,https://i.ytimg.com/vi/YQiHvyhIaYU/maxresdefault.jpg,YQiHvyhIaYU,173,2:53,48880,3063,388,,,['Entertainment'],[],en,0,not_live,False,public,,,,,,30,640x360,18,mp4,avc1.42001E,mp4a.40.2,SDR,1.78,14959448,693.301,,,44100,2,youtube,Youtube,https://www.youtube.com/watch?v=YQiHvyhIaYU,https://www.youtube.com/watch?v=YQiHvyhIaYU,watch,youtube.com,20260707,1783383089,,,,,1785167163
@wpopoff6461,wPopoff,UC4KyIYZD1CfGCsfgB6b9gAw,251000,,,I Am Ken Carsons Biggest Glazer (xperiment reaction),https://i.ytimg.com/vi/yzo1vJl9KSU/maxresdefault.jpg,yzo1vJl9KSU,2347,39:07,34509,3270,680,,,['Entertainment'],[],en,0,not_live,False,public,,,,,,30,640x360,18,mp4,avc1.42001E,mp4a.40.2,SDR,1.78,102573563,349.625,,,44100,2,youtube,Youtube,https://www.youtube.com/watch?v=yzo1vJl9KSU,https://www.youtube.com/watch?v=yzo1vJl9KSU,watch,youtube.com,20260706,1783318350,,,,,1785167165
@wpopoff6461,wPopoff,UC4KyIYZD1CfGCsfgB6b9gAw,,"wPopoff, Neomarbilan",,(TOP 1 VERIFIED) Society 100% By Neomarbilan and more,https://i.ytimg.com/vi/3CoEaH1CM7o/maxresdefault.jpg,3CoEaH1CM7o,1064,17:44,652412,23577,2500,,,['Gaming'],[],en,0,not_live,False,public,,,,,,30,640x360,18,mp4,avc1.42001E,mp4a.40.2,SDR,1.78,78206625,587.874,,,44100,2,youtube,Youtube,https://www.youtube.com/watch?v=3CoEaH1CM7o,https://www.youtube.com/watch?v=3CoEaH1CM7o,watch,youtube.com,20260624,1782309606,20260624,1782309606,,,1785167167
@wpopoff6461,wPopoff,UC4KyIYZD1CfGCsfgB6b9gAw,251000,,,(200K SUB SPECIAL) wPopoff Visits Italy! & Society 72% + 15-100%,https://i.ytimg.com/vi/i7AsF_xrY6U/maxresdefault.jpg,i7AsF_xrY6U,566,9:26,89935,6671,894,,,['Gaming'],[],en,0,not_live,False,public,,,,,,30,640x360,18,mp4,avc1.42001E,mp4a.40.2,SDR,1.78,48252782,681.755,,,44100,2,youtube,Youtube,https://www.youtube.com/watch?v=i7AsF_xrY6U,https://www.youtube.com/watch?v=i7AsF_xrY6U,watch,youtube.com,20260615,1781491414,,,,,1785167169
@wpopoff6461,wPopoff,UC4KyIYZD1CfGCsfgB6b9gAw,,"wPopoff, Exiled_Shade",,Society with Frame Perfect Counter & Hitboxes,https://i.ytimg.com/vi/n3dW_nSI07M/maxresdefault.jpg,n3dW_nSI07M,251,4:11,331722,10619,1800,,,['Gaming'],[],,0,not_live,False,public,,,,,,30,640x360,18,mp4,avc1.42001E,mp4a.40.2,SDR,1.78,20246549,645.11,,,44100,2,youtube,Youtube,https://www.youtube.com/watch?v=n3dW_nSI07M,https://www.youtube.com/watch?v=n3dW_nSI07M,watch,youtube.com,20260516,1778971189,,,,,1785167171
@wpopoff6461,wPopoff,UC4KyIYZD1CfGCsfgB6b9gAw,251000,,,(TOP 1 VERIFICATION) Society 63% (77% gameplay),https://i.ytimg.com/vi/kPgG2g-XmL8/sddefault.jpg,kPgG2g-XmL8,97,1:37,244256,9639,735,,,['Gaming'],[],en,0,not_live,False,public,,,,,,30,640x360,18,mp4,avc1.42001E,mp4a.40.2,SDR,1.78,8006938,657.762,,,44100,2,youtube,Youtube,https://www.youtube.com/watch?v=kPgG2g-XmL8,https://www.youtube.com/watch?v=kPgG2g-XmL8,watch,youtube.com,20260513,1778643215,,,,,1785167173
@wpopoff6461,wPopoff,UC4KyIYZD1CfGCsfgB6b9gAw,251000,,,The Beautiful Journey of a Verdant Landscape (100%),https://i.ytimg.com/vi/_5qgpe1CkFM/sddefault.jpg,_5qgpe1CkFM,139,2:19,40650,2110,212,,,['Gaming'],[],,0,not_live,False,public,,,,,,30,640x360,18,mp4,avc1.42001E,mp4a.40.2,SDR,1.78,14182500,816.294,,,44100,2,youtube,Youtube,https://www.youtube.com/watch?v=_5qgpe1CkFM,https://www.youtube.com/watch?v=_5qgpe1CkFM,watch,youtube.com,20260511,1778528390,,,,,1785167175
@wpopoff6461,wPopoff,UC4KyIYZD1CfGCsfgB6b9gAw,251000,,,I made SOCIETY a TOP 1 EXTREME DEMON,https://i.ytimg.com/vi/7l-IIkrNev4/maxresdefault.jpg,7l-IIkrNev4,788,13:08,215162,12639,1400,,,['Gaming'],[],en,0,not_live,False,public,,,,,,30,640x360,18,mp4,avc1.42001E,mp4a.40.2,SDR,1.78,55306554,561.378,,,44100,2,youtube,Youtube,https://www.youtube.com/watch?v=7l-IIkrNev4,https://www.youtube.com/watch?v=7l-IIkrNev4,watch,youtube.com,20260505,1777951757,,,,,1785167177
@wpopoff6461,wPopoff,UC4KyIYZD1CfGCsfgB6b9gAw,251000,,,(TOP 5) Society 33-100% (progress #2),https://i.ytimg.com/vi/FejKO4n2D1s/maxresdefault.jpg,FejKO4n2D1s,94,1:34,96278,4485,401,,,['Gaming'],[],en,0,not_live,False,public,,,,,,30,640x360,18,mp4,avc1.42001E,mp4a.40.2,SDR,1.78,7719099,653.759,,,44100,2,youtube,Youtube,https://www.youtube.com/watch?v=FejKO4n2D1s,https://www.youtube.com/watch?v=FejKO4n2D1s,watch,youtube.com,20260430,1777513122,,,,,1785167179
@wpopoff6461,wPopoff,UC4KyIYZD1CfGCsfgB6b9gAw,251000,,,"(TOP 5 VERIFYING) Society 45%, 43-100%",https://i.ytimg.com/vi/77oQEjP1bks/sddefault.jpg,77oQEjP1bks,155,2:35,99969,5455,541,,,['Gaming'],[],en,0,not_live,False,public,,,,,,30,640x360,18,mp4,avc1.42001E,mp4a.40.2,SDR,1.78,12811195,661.355,,,44100,2,youtube,Youtube,https://www.youtube.com/watch?v=77oQEjP1bks,https://www.youtube.com/watch?v=77oQEjP1bks,watch,youtube.com,20260426,1777179527,,,,,1785167181
@wpopoff6461,wPopoff,UC4KyIYZD1CfGCsfgB6b9gAw,251000,,,(Top 55) The Catacombs 100% (Fluke from 60%),https://i.ytimg.com/vi/B1slOhZZrr4/sddefault.jpg,B1slOhZZrr4,91,1:31,37716,2043,280,,,['Gaming'],[],,0,not_live,False,public,,,,,,30,640x360,18,mp4,avc1.42001E,mp4a.40.2,SDR,1.78,7879075,691.791,,,44100,2,youtube,Youtube,https://www.youtube.com/watch?v=B1slOhZZrr4,https://www.youtube.com/watch?v=B1slOhZZrr4,watch,youtube.com,20260419,1776631341,,,,,1785167183
@wpopoff6461,wPopoff,UC4KyIYZD1CfGCsfgB6b9gAw,251000,,,Every End 100% // Wheel picks my Top 10!,https://i.ytimg.com/vi/0eG3-Sm6V_s/maxresdefault.jpg,0eG3-Sm6V_s,1083,18:03,170413,7708,701,,,['Gaming'],[],en,0,not_live,False,public,,,,,,30,640x360,18,mp4,avc1.42001E,mp4a.40.2,SDR,1.78,85714252,633.337,,,44100,2,youtube,Youtube,https://www.youtube.com/watch?v=0eG3-Sm6V_s,https://www.youtube.com/watch?v=0eG3-Sm6V_s,watch,youtube.com,20260408,1775620064,,,,,1785167185
@wpopoff6461,wPopoff,UC4KyIYZD1CfGCsfgB6b9gAw,251000,,,(Top 60) The Plunge 100% hehe,https://i.ytimg.com/vi/b7a2YkEey08/sddefault.jpg,b7a2YkEey08,73,1:13,32605,1718,240,,,['Gaming'],[],,0,not_live,False,public,,,,,,30,640x360,18,mp4,avc1.42001E,mp4a.40.2,SDR,1.78,5937766,654.434,,,44100,2,youtube,Youtube,https://www.youtube.com/watch?v=b7a2YkEey08,https://www.youtube.com/watch?v=b7a2YkEey08,watch,youtube.com,20260325,1774404061,,,,,1785167186
@wpopoff6461,wPopoff,UC4KyIYZD1CfGCsfgB6b9gAw,251000,,,(FLUKE FROM 63%) Infinite Chaos 100% (TOP 60),https://i.ytimg.com/vi/G57TMXJlD-k/maxresdefault.jpg,G57TMXJlD-k,210,3:30,31388,1627,239,,,['Gaming'],[],en,0,not_live,False,public,,,,,,30,640x360,18,mp4,avc1.42001E,mp4a.40.2,SDR,1.78,18660515,712.45,,,44100,2,youtube,Youtube,https://www.youtube.com/watch?v=G57TMXJlD-k,https://www.youtube.com/watch?v=G57TMXJlD-k,watch,youtube.com,20260319,1773891024,,,,,1785167188
@wpopoff6461,wPopoff,UC4KyIYZD1CfGCsfgB6b9gAw,251000,,,(Top Scary) Combustion 100%,https://i.ytimg.com/vi/3XSAD2oGOPc/maxresdefault.jpg,3XSAD2oGOPc,76,1:16,48890,1688,254,,,['Gaming'],[],,0,not_live,False,public,,,,,,30,640x360,18,mp4,avc1.42001E,mp4a.40.2,SDR,1.78,4413098,461.307,,,22050,2,youtube,Youtube,https://www.youtube.com/watch?v=3XSAD2oGOPc,https://www.youtube.com/watch?v=3XSAD2oGOPc,watch,youtube.com,20260205,1770264287,,,,,1785167190
@wpopoff6461,wPopoff,UC4KyIYZD1CfGCsfgB6b9gAw,251000,,,(TOP 0?) BOOBAWAMBA 100% INVISIBLE DEMON,https://i.ytimg.com/vi/kI7WTN1FIxQ/maxresdefault.jpg,kI7WTN1FIxQ,828,13:48,344335,15035,1000,,,['Gaming'],[],en,0,not_live,False,public,,,,,,30,640x360,18,mp4,avc1.42001E,mp4a.40.2,SDR,1.78,39312187,379.795,,,22050,2,youtube,Youtube,https://www.youtube.com/watch?v=kI7WTN1FIxQ,https://www.youtube.com/watch?v=kI7WTN1FIxQ,watch,youtube.com,20260129,1769654350,,,,,1785167192
@wpopoff6461,wPopoff,UC4KyIYZD1CfGCsfgB6b9gAw,251000,,,(TOP 69) Wavterminal 100%,https://i.ytimg.com/vi/yim7ovXpxuI/sddefault.jpg,yim7ovXpxuI,110,1:50,39133,1714,189,,,['Gaming'],[],en,0,not_live,False,public,,,,,,30,640x360,18,mp4,avc1.42001E,mp4a.40.2,SDR,1.78,14452691,1050.512,,,44100,2,youtube,Youtube,https://www.youtube.com/watch?v=yim7ovXpxuI,https://www.youtube.com/watch?v=yim7ovXpxuI,watch,youtube.com,20260121,1768959785,,,,,1785167194
@wpopoff6461,wPopoff,UC4KyIYZD1CfGCsfgB6b9gAw,251000,,,BOOBAWAMBA 86%,https://i.ytimg.com/vi/S2FCHFwyQ74/sddefault.jpg,S2FCHFwyQ74,128,2:08,41518,2341,285,,,['Gaming'],[],en,0,not_live,False,public,,,,,,30,640x360,18,mp4,avc1.42001E,mp4a.40.2,SDR,1.78,5994308,373.055,,,22050,2,youtube,Youtube,https://www.youtube.com/watch?v=S2FCHFwyQ74,https://www.youtube.com/watch?v=S2FCHFwyQ74,watch,youtube.com,20260114,1768361235,,,,,1785167196
@wpopoff6461,wPopoff,UC4KyIYZD1CfGCsfgB6b9gAw,251000,,,"(Top 50, fluke from 59%) Operation Name 100%",https://i.ytimg.com/vi/MkBtOZCu7wg/sddefault.jpg,MkBtOZCu7wg,320,5:20,24924,1299,206,,,['Gaming'],[],,0,not_live,False,public,,,,,,30,640x360,18,mp4,avc1.42001E,mp4a.40.2,SDR,1.78,30992793,774.442,,,44100,2,youtube,Youtube,https://www.youtube.com/watch?v=MkBtOZCu7wg,https://www.youtube.com/watch?v=MkBtOZCu7wg,watch,youtube.com,20260107,1767758986,,,,,1785167198
@wpopoff6461,wPopoff,UC4KyIYZD1CfGCsfgB6b9gAw,251000,,,(TOP 15) Menace 100% // Highlights (12 Demons of Sharkmas #11),https://i.ytimg.com/vi/vDDtmKBjFx0/maxresdefault.jpg,vDDtmKBjFx0,575,9:35,58442,2761,213,,,['Gaming'],[],en,0,not_live,False,public,,,,,,30,640x360,18,mp4,avc1.42001E,mp4a.40.2,SDR,1.78,45343142,631.095,,,22050,2,youtube,Youtube,https://www.youtube.com/watch?v=vDDtmKBjFx0,https://www.youtube.com/watch?v=vDDtmKBjFx0,watch,youtube.com,20251225,1766627493,,,,,1785167200
@wpopoff6461,wPopoff,UC4KyIYZD1CfGCsfgB6b9gAw,251000,,,(TOP 70) Cimmerian Shade 100%,https://i.ytimg.com/vi/G8Rf2PVQLM0/maxresdefault.jpg,G8Rf2PVQLM0,89,1:29,35494,1736,189,,,['Gaming'],[],en,0,not_live,False,public,,,,,,30,640x360,18,mp4,avc1.42001E,mp4a.40.2,SDR,1.78,6140823,551.686,,,44100,2,youtube,Youtube,https://www.youtube.com/watch?v=G8Rf2PVQLM0,https://www.youtube.com/watch?v=G8Rf2PVQLM0,watch,youtube.com,20251219,1766117274,,,,,1785167202
@wpopoff6461,wPopoff,UC4KyIYZD1CfGCsfgB6b9gAw,251000,,,"[12LDOC, TOP 35] CONVULSION 100% // Highlights",https://i.ytimg.com/vi/jMhWbt48iFM/maxresdefault.jpg,jMhWbt48iFM,538,8:58,37558,2171,177,,,['Gaming'],[],en,0,not_live,False,public,,,,,,30,640x360,18,mp4,avc1.42001E,mp4a.40.2,SDR,1.78,30049874,446.717,,,22050,2,youtube,Youtube,https://www.youtube.com/watch?v=jMhWbt48iFM,https://www.youtube.com/watch?v=jMhWbt48iFM,watch,youtube.com,20251214,1765742438,,,,,1785167204
@wpopoff6461,wPopoff,UC4KyIYZD1CfGCsfgB6b9gAw,251000,,,Waterfall by MrBeast 100%,https://i.ytimg.com/vi/Qsq1ApbGL-U/maxresdefault.jpg,Qsq1ApbGL-U,107,1:47,41882,1887,223,,,['Gaming'],[],en,0,not_live,False,public,,,,,,30,640x360,18,mp4,avc1.42001E,mp4a.40.2,SDR,1.78,9880299,735.702,,,44100,2,youtube,Youtube,https://www.youtube.com/watch?v=Qsq1ApbGL-U,https://www.youtube.com/watch?v=Qsq1ApbGL-U,watch,youtube.com,20251212,1765518764,,,,,1785167206
@wpopoff6461,wPopoff,UC4KyIYZD1CfGCsfgB6b9gAw,251000,,,(First Victor) 100KSUBSuming Vortex 100%,https://i.ytimg.com/vi/qIWVVH4v96Y/sddefault.jpg,qIWVVH4v96Y,517,8:37,164434,8771,581,,,['Gaming'],[],en,0,not_live,False,public,,,,,,30,640x360,18,mp4,avc1.42001E,mp4a.40.2,SDR,1.78,,427.484,,,44100,2,youtube,Youtube,https://www.youtube.com/watch?v=qIWVVH4v96Y,https://www.youtube.com/watch?v=qIWVVH4v96Y,watch,youtube.com,20251208,1765152208,,,,,1785167208
@wpopoff6461,wPopoff,UC4KyIYZD1CfGCsfgB6b9gAw,251000,,,(Unluckiest Victor) Loops of Fury 100%,https://i.ytimg.com/vi/7xAhege_a4c/maxresdefault.jpg,7xAhege_a4c,155,2:35,46119,2129,304,,,['Gaming'],[],,0,not_live,False,public,,,,,,30,640x360,18,mp4,avc1.42001E,mp4a.40.2,SDR,1.78,,717.715,,,44100,2,youtube,Youtube,https://www.youtube.com/watch?v=7xAhege_a4c,https://www.youtube.com/watch?v=7xAhege_a4c,watch,youtube.com,20251202,1764648011,,,,,1785167210
@wpopoff6461,wPopoff,UC4KyIYZD1CfGCsfgB6b9gAw,251000,,,(TOP 20) 🔴 Defeated Circles 100% 🔴by OH TRINITEH,https://i.ytimg.com/vi/S5NuCTPuOLk/maxresdefault.jpg,S5NuCTPuOLk,87,1:27,85006,3646,369,,,['Gaming'],[],en,0,not_live,False,public,,,,,,30,640x360,18,mp4,avc1.42001E,mp4a.40.2,SDR,1.78,,479.404,,,44100,2,youtube,Youtube,https://www.youtube.com/watch?v=S5NuCTPuOLk,https://www.youtube.com/watch?v=S5NuCTPuOLk,watch,youtube.com,20251126,1764180808,,,,,1785167212
@wpopoff6461,wPopoff,UC4KyIYZD1CfGCsfgB6b9gAw,251000,,,(FIRST VICTOR) Thinking Space II 100% BY CairoX,https://i.ytimg.com/vi/hJHiGeuahTI/maxresdefault.jpg,hJHiGeuahTI,935,15:35,723651,24697,1900,,,['Gaming'],[],en,0,not_live,False,public,,,,,,30,640x360,18,mp4,avc1.42001E,mp4a.40.2,SDR,1.78,,414.15,,,44100,2,youtube,Youtube,https://www.youtube.com/watch?v=hJHiGeuahTI,https://www.youtube.com/watch?v=hJHiGeuahTI,watch,youtube.com,20251120,1763604005,20251120,1763604005,,,1785167214
@wpopoff6461,wPopoff,UC4KyIYZD1CfGCsfgB6b9gAw,251000,,,"(First Victor, Top 35?) SilentLocked 100% (FLUKE FROM 55%)",https://i.ytimg.com/vi/s3IK5DMKZ3E/sddefault.jpg,s3IK5DMKZ3E,124,2:04,315986,9770,642,,,['Gaming'],[],,0,not_live,False,public,,,,,,30,640x360,18,mp4,avc1.42001E,mp4a.40.2,SDR,1.78,,630.518,,,44100,2,youtube,Youtube,https://www.youtube.com/watch?v=s3IK5DMKZ3E,https://www.youtube.com/watch?v=s3IK5DMKZ3E,watch,youtube.com,20251118,1763437576,,,,,1785167216
@wpopoff6461,wPopoff,UC4KyIYZD1CfGCsfgB6b9gAw,251000,,,Delta 100% around top 61-67,https://i.ytimg.com/vi/VZhjZd7VZBA/maxresdefault.jpg,VZhjZd7VZBA,159,2:39,21068,1084,179,,,['Gaming'],[],en,0,not_live,False,public,,,,,,30,640x360,18,mp4,avc1.42001E,mp4a.40.2,SDR,1.78,,695.099,,,44100,2,youtube,Youtube,https://www.youtube.com/watch?v=VZhjZd7VZBA,https://www.youtube.com/watch?v=VZhjZd7VZBA,watch,youtube.com,20251112,1762918089,,,,,1785167218
@wpopoff6461,wPopoff,UC4KyIYZD1CfGCsfgB6b9gAw,251000,,,Gaggatrondra 100% ft. A LOUD BEE,https://i.ytimg.com/vi/dtPcspB9fx8/maxresdefault.jpg,dtPcspB9fx8,82,1:22,39565,1779,227,,,['Gaming'],[],en,0,not_live,False,public,,,,,,30,640x360,18,mp4,avc1.42001E,mp4a.40.2,SDR,1.78,,584.368,,,44100,2,youtube,Youtube,https://www.youtube.com/watch?v=dtPcspB9fx8,https://www.youtube.com/watch?v=dtPcspB9fx8,watch,youtube.com,20251108,1762575601,,,,,1785167220
@wpopoff6461,wPopoff,UC4KyIYZD1CfGCsfgB6b9gAw,251000,,,I almost beat Thinking Space II twice in a row,https://i.ytimg.com/vi/2UhP7ifPbTE/hqdefault.jpg,2UhP7ifPbTE,156,2:36,181346,8357,957,,,['Gaming'],[],,0,not_live,False,public,,,,,,30,640x360,18,mp4,avc1.42001E,mp4a.40.2,SDR,1.78,,468.355,,,44100,2,youtube,Youtube,https://www.youtube.com/watch?v=2UhP7ifPbTE,https://www.youtube.com/watch?v=2UhP7ifPbTE,watch,youtube.com,20251030,1761788957,,,,,1785167221
@wpopoff6461,wPopoff,UC4KyIYZD1CfGCsfgB6b9gAw,251000,,,Bpata Mpaka 100%,https://i.ytimg.com/vi/VoY2ldjSHz4/maxresdefault.jpg,VoY2ldjSHz4,117,1:57,30693,1622,188,,,['Gaming'],[],en,0,not_live,False,public,,,,,,30,640x360,18,mp4,avc1.42001E,mp4a.40.2,SDR,1.78,,595.55,,,44100,2,youtube,Youtube,https://www.youtube.com/watch?v=VoY2ldjSHz4,https://www.youtube.com/watch?v=VoY2ldjSHz4,watch,youtube.com,20251023,1761186453,,,,,1785167223
@wpopoff6461,wPopoff,UC4KyIYZD1CfGCsfgB6b9gAw,251000,,,(Legendary Demon) Apocalyptic Trilogy 100%,https://i.ytimg.com/vi/UEPYHIPYA-I/maxresdefault.jpg,UEPYHIPYA-I,284,4:44,52873,2591,623,,,['Gaming'],[],en,0,not_live,False,public,,,,,,30,640x360,18,mp4,avc1.42001E,mp4a.40.2,SDR,1.78,,505.92,,,44100,2,youtube,Youtube,https://www.youtube.com/watch?v=UEPYHIPYA-I,https://www.youtube.com/watch?v=UEPYHIPYA-I,watch,youtube.com,20251011,1760201547,,,,,1785167225
@wpopoff6461,wPopoff,UC4KyIYZD1CfGCsfgB6b9gAw,251000,,,(NO CBF) Thinking Space II 85% (83%),https://i.ytimg.com/vi/X5svZ49OS6E/sddefault.jpg,X5svZ49OS6E,69,1:09,112408,4610,1000,,,['Gaming'],[],,0,not_live,False,public,,,,,,30,640x360,18,mp4,avc1.42001E,mp4a.40.2,SDR,1.78,5666035,658.841,,,44100,2,youtube,Youtube,https://www.youtube.com/watch?v=X5svZ49OS6E,https://www.youtube.com/watch?v=X5svZ49OS6E,watch,youtube.com,20251005,1759699829,,,,,1785167227
@wpopoff6461,wPopoff,UC4KyIYZD1CfGCsfgB6b9gAw,251000,,,"Wait, why do I see EYES IN THE WATER! SWIIIIM 100%",https://i.ytimg.com/vi/eNvy-BZy_4k/maxresdefault.jpg,eNvy-BZy_4k,119,1:59,35486,2310,207,,,['Gaming'],[],en,0,not_live,False,public,,,,,,30,640x360,18,mp4,avc1.42001E,mp4a.40.2,SDR,1.78,,449.506,,,44100,2,youtube,Youtube,https://www.youtube.com/watch?v=eNvy-BZy_4k,https://www.youtube.com/watch?v=eNvy-BZy_4k,watch,youtube.com,20250928,1759094834,,,,,1785167229
@wpopoff6461,wPopoff,UC4KyIYZD1CfGCsfgB6b9gAw,251000,,,(TOP 17) Subterminal Point 100% by Syqual,https://i.ytimg.com/vi/wve1ls-pQR0/sddefault.jpg,wve1ls-pQR0,482,8:02,48529,2687,277,,,['Gaming'],[],en,0,not_live,False,public,,,,,,30,640x360,18,mp4,avc1.42001E,mp4a.40.2,SDR,1.78,36201040,601.05,,,44100,2,youtube,Youtube,https://www.youtube.com/watch?v=wve1ls-pQR0,https://www.youtube.com/watch?v=wve1ls-pQR0,watch,youtube.com,20250923,1758589723,,,,,1785167231
@wpopoff6461,wPopoff,UC4KyIYZD1CfGCsfgB6b9gAw,251000,,,(Top 30) Sevvend Clubstep 100% EXTREME DEMON BABY,https://i.ytimg.com/vi/Z31bQBTrHL4/sddefault.jpg,Z31bQBTrHL4,92,1:32,82789,3021,213,,,['Gaming'],[],en,0,not_live,False,public,,,,,,30,640x360,18,mp4,avc1.42001E,mp4a.40.2,SDR,1.78,7519311,653.377,,,44100,2,youtube,Youtube,https://www.youtube.com/watch?v=Z31bQBTrHL4,https://www.youtube.com/watch?v=Z31bQBTrHL4,watch,youtube.com,20250914,1757870753,,,,,1785167233
@wpopoff6461,wPopoff,UC4KyIYZD1CfGCsfgB6b9gAw,251000,,,(TOP 45) Someone will never clear 100%,https://i.ytimg.com/vi/qsvAo_X6bNM/sddefault.jpg,qsvAo_X6bNM,116,1:56,28974,1643,176,,,['Gaming'],[],en,0,not_live,False,public,,,,,,30,640x360,18,mp4,avc1.42001E,mp4a.40.2,SDR,1.78,,619.564,,,44100,2,youtube,Youtube,https://www.youtube.com/watch?v=qsvAo_X6bNM,https://www.youtube.com/watch?v=qsvAo_X6bNM,watch,youtube.com,20250910,1757539741,,,,,1785167235
@wpopoff6461,wPopoff,UC4KyIYZD1CfGCsfgB6b9gAw,251000,,,(TOP 6) Andromeda 100% by Insxne,https://i.ytimg.com/vi/hv6-C_2VWI0/maxresdefault.jpg,hv6-C_2VWI0,915,15:15,100463,5273,569,,,['Gaming'],[],en,0,not_live,False,public,,,,,,30,640x360,18,mp4,avc1.42001E,mp4a.40.2,SDR,1.78,67805541,593.117,,,44100,2,youtube,Youtube,https://www.youtube.com/watch?v=hv6-C_2VWI0,https://www.youtube.com/watch?v=hv6-C_2VWI0,watch,youtube.com,20250907,1757211756,,,,,1785167237
@wpopoff6461,wPopoff,UC4KyIYZD1CfGCsfgB6b9gAw,251000,,,The BIGGEST FLUKE in the top 50 (Arcturus 100%) (Fluke from 33),https://i.ytimg.com/vi/QRZd7rF3vRs/maxresdefault.jpg,QRZd7rF3vRs,89,1:29,56542,3800,288,,,['Gaming'],[],en,0,not_live,False,public,,,,,,30,640x360,18,mp4,avc1.42001E,mp4a.40.2,SDR,1.78,4787860,428.237,,,44100,2,youtube,Youtube,https://www.youtube.com/watch?v=QRZd7rF3vRs,https://www.youtube.com/watch?v=QRZd7rF3vRs,watch,youtube.com,20250905,1757037104,,,,,1785167239
@wpopoff6461,wPopoff,UC4KyIYZD1CfGCsfgB6b9gAw,251000,,,(TOP 25) The Lightning Rod 100%,https://i.ytimg.com/vi/59QOKT9H5Tk/maxresdefault.jpg,59QOKT9H5Tk,129,2:09,30947,1911,227,,,['Gaming'],[],en,0,not_live,False,public,,,,,,30,640x360,18,mp4,avc1.42001E,mp4a.40.2,SDR,1.78,8903490,551.12,,,44100,2,youtube,Youtube,https://www.youtube.com/watch?v=59QOKT9H5Tk,https://www.youtube.com/watch?v=59QOKT9H5Tk,watch,youtube.com,20250902,1756853793,,,,,1785167240
@wpopoff6461,wPopoff,UC4KyIYZD1CfGCsfgB6b9gAw,251000,,,(TOP 30) I BEAT BELLADONNA! and rigel,https://i.ytimg.com/vi/FDKjmc1UP4w/maxresdefault.jpg,FDKjmc1UP4w,211,3:31,38824,2019,242,,,['Gaming'],[],,0,not_live,False,public,,,,,,30,640x360,18,mp4,avc1.42001E,mp4a.40.2,SDR,1.78,,624.531,,,44100,2,youtube,Youtube,https://www.youtube.com/watch?v=FDKjmc1UP4w,https://www.youtube.com/watch?v=FDKjmc1UP4w,watch,youtube.com,20250820,1755663511,,,,,1785167242
@wpopoff6461,wPopoff,UC4KyIYZD1CfGCsfgB6b9gAw,251000,,,"This level cools down your phone! (Kosetsu 100%, TOP 25)",https://i.ytimg.com/vi/ZDrgrlifkWY/sddefault.jpg,ZDrgrlifkWY,79,1:19,33961,1745,196,,,['Gaming'],[],,0,not_live,False,public,,,,,,30,640x360,18,mp4,avc1.42001E,mp4a.40.2,SDR,1.78,6869505,692.446,,,44100,2,youtube,Youtube,https://www.youtube.com/watch?v=ZDrgrlifkWY,https://www.youtube.com/watch?v=ZDrgrlifkWY,watch,youtube.com,20250818,1755486842,,,,,1785167244
@wpopoff6461,wPopoff,UC4KyIYZD1CfGCsfgB6b9gAw,251000,,,Risk Republic beats Vehemence with Frame Perfect Counter,https://i.ytimg.com/vi/Poy6laLUn50/maxresdefault.jpg,Poy6laLUn50,159,2:39,184634,6407,467,,,['Gaming'],[],,0,not_live,False,public,,,,,,30,640x360,18,mp4,avc1.42001E,mp4a.40.2,SDR,1.78,,427.711,,,44100,2,youtube,Youtube,https://www.youtube.com/watch?v=Poy6laLUn50,https://www.youtube.com/watch?v=Poy6laLUn50,watch,youtube.com,20250815,1755232502,,,,,1785167246
@wpopoff6461,wPopoff,UC4KyIYZD1CfGCsfgB6b9gAw,251000,,,There are MANY RISKS in this Completion (LIMBO 100%),https://i.ytimg.com/vi/suIR6js7B-8/maxresdefault.jpg,suIR6js7B-8,256,4:16,93689,4931,455,,,['Gaming'],[],en,0,not_live,False,public,,,,,,30,640x360,18,mp4,avc1.42001E,mp4a.40.2,SDR,1.78,,561.783,,,44100,2,youtube,Youtube,https://www.youtube.com/watch?v=suIR6js7B-8,https://www.youtube.com/watch?v=suIR6js7B-8,watch,youtube.com,20250807,1754597660,,,,,1785167248
@wpopoff6461,wPopoff,UC4KyIYZD1CfGCsfgB6b9gAw,251000,,,(TOP 1 VERIFICATION) Vehemence 40%,https://i.ytimg.com/vi/JZ10Un4EXYo/hqdefault.jpg,JZ10Un4EXYo,79,1:19,279612,8158,953,,,['Gaming'],[],en,0,not_live,False,public,,,,,,30,640x360,18,mp4,avc1.42001E,mp4a.40.2,SDR,1.78,5225036,528.074,,,44100,2,youtube,Youtube,https://www.youtube.com/watch?v=JZ10Un4EXYo,https://www.youtube.com/watch?v=JZ10Un4EXYo,watch,youtube.com,20250803,1754185348,,,,,1785167250
@wpopoff6461,wPopoff,UC4KyIYZD1CfGCsfgB6b9gAw,251000,,,(TOP 45) Collapse 100% BY NEXEL (Fluke from 65%),https://i.ytimg.com/vi/pOnvs9E5xvU/maxresdefault.jpg,pOnvs9E5xvU,166,2:46,31054,1790,182,,,['Gaming'],[],en,0,not_live,False,public,,,,,,30,640x360,18,mp4,avc1.42001E,mp4a.40.2,SDR,1.78,,548.578,,,44100,2,youtube,Youtube,https://www.youtube.com/watch?v=pOnvs9E5xvU,https://www.youtube.com/watch?v=pOnvs9E5xvU,watch,youtube.com,20250725,1753468677,,,,,1785167252
@wpopoff6461,wPopoff,UC4KyIYZD1CfGCsfgB6b9gAw,251000,,,I just beat the TOP 1 DEMON Amethyst AGAIN (NO CBF),https://i.ytimg.com/vi/rKviU_YwWbQ/maxresdefault.jpg,rKviU_YwWbQ,114,1:54,174299,9336,1800,,,['Gaming'],[],en,0,not_live,False,public,,,,,,30,640x360,18,mp4,avc1.42001E,mp4a.40.2,SDR,1.78,,538.131,,,44100,2,youtube,Youtube,https://www.youtube.com/watch?v=rKviU_YwWbQ,https://www.youtube.com/watch?v=rKviU_YwWbQ,watch,youtube.com,20250713,1752435125,,,,,1785167254
@wpopoff6461,wPopoff,UC4KyIYZD1CfGCsfgB6b9gAw,251000,,,(Top 1 XXL) Sinister Silence 100% (Fluke from 67%),https://i.ytimg.com/vi/D_bQSx8wwDg/maxresdefault.jpg,D_bQSx8wwDg,553,9:13,54165,2625,411,,,['Gaming'],[],en,0,not_live,False,public,,,,,,30,640x360,18,mp4,avc1.42001E,mp4a.40.2,SDR,1.78,50460395,729.918,,,44100,2,youtube,Youtube,https://www.youtube.com/watch?v=D_bQSx8wwDg,https://www.youtube.com/watch?v=D_bQSx8wwDg,watch,youtube.com,20250628,1751092831,,,,,1785167256
@wpopoff6461,wPopoff,UC4KyIYZD1CfGCsfgB6b9gAw,251000,,,(Top 10) Spectre 100% Extreme Demon,https://i.ytimg.com/vi/EOcu-hsEPrk/maxresdefault.jpg,EOcu-hsEPrk,189,3:09,83597,4369,393,,,['Gaming'],[],,0,not_live,False,public,,,,,,30,640x360,18,mp4,avc1.42001E,mp4a.40.2,SDR,1.78,,656.794,,,44100,2,youtube,Youtube,https://www.youtube.com/watch?v=EOcu-hsEPrk,https://www.youtube.com/watch?v=EOcu-hsEPrk,watch,youtube.com,20250621,1750468446,,,,,1785167258
@wpopoff6461,wPopoff,UC4KyIYZD1CfGCsfgB6b9gAw,251000,,,(TOP 7) Anathema 100% ft. Trick sleeping until 97,https://i.ytimg.com/vi/kVBz9ogtL6g/maxresdefault.jpg,kVBz9ogtL6g,172,2:52,134737,5922,617,,,['Gaming'],[],,0,not_live,False,public,,,,,,30,640x360,18,mp4,avc1.42001E,mp4a.40.2,SDR,1.78,,696.354,,,44100,2,youtube,Youtube,https://www.youtube.com/watch?v=kVBz9ogtL6g,https://www.youtube.com/watch?v=kVBz9ogtL6g,watch,youtube.com,20250607,1749326014,,,,,1785167259
@wpopoff6461,wPopoff,UC4KyIYZD1CfGCsfgB6b9gAw,251000,,,(TOP 1 VERIFIED) Amethyst 100% by Mist and Mo (no CBF),https://i.ytimg.com/vi/4lfkzz1VCbA/maxresdefault.jpg,4lfkzz1VCbA,171,2:51,1668642,35927,3800,,,['Gaming'],[],en,0,not_live,False,public,,,,,,30,640x360,18,mp4,avc1.42001E,mp4a.40.2,SDR,1.78,12625276,590.687,,,44100,2,youtube,Youtube,https://www.youtube.com/watch?v=4lfkzz1VCbA,https://www.youtube.com/watch?v=4lfkzz1VCbA,watch,youtube.com,20250525,1748192405,20250525,1748192405,,,1785167262
@wpopoff6461,wPopoff,UC4KyIYZD1CfGCsfgB6b9gAw,251000,,,(TOP 1 SIGHTREAD CHALLENGE) Random Wave 3 times in a row (DEAD),https://i.ytimg.com/vi/Kcy2RXq6lwc/maxresdefault.jpg,Kcy2RXq6lwc,87,1:27,149643,6057,430,,,['Gaming'],[],en,0,not_live,False,public,,,,,,30,640x360,18,mp4,avc1.42001E,mp4a.40.2,SDR,1.78,6807076,626.406,,,44100,2,youtube,Youtube,https://www.youtube.com/watch?v=Kcy2RXq6lwc,https://www.youtube.com/watch?v=Kcy2RXq6lwc,watch,youtube.com,20250511,1746982787,,,,,1785167264
@wpopoff6461,wPopoff,UC4KyIYZD1CfGCsfgB6b9gAw,251000,,,I almost VERIFIED a NEW TOP 1 EXTREME DEMON  (AMETHYST 94%),https://i.ytimg.com/vi/ZCtgVuniZuQ/sddefault.jpg,ZCtgVuniZuQ,91,1:31,190802,7257,888,,,['Gaming'],[],,0,not_live,False,public,,,,,,30,640x360,18,mp4,avc1.42001E,mp4a.40.2,SDR,1.78,,642.883,,,44100,2,youtube,Youtube,https://www.youtube.com/watch?v=ZCtgVuniZuQ,https://www.youtube.com/watch?v=ZCtgVuniZuQ,watch,youtube.com,20250504,1746325423,,,,,1785167266
@wpopoff6461,wPopoff,UC4KyIYZD1CfGCsfgB6b9gAw,251000,,,(WR) I BEAT A LIST DEMON TWICE A ROW IN 1 HOUR,https://i.ytimg.com/vi/ouKf-Gaw1Fc/sddefault.jpg,ouKf-Gaw1Fc,149,2:29,50768,3144,408,,,['Gaming'],[],en,0,not_live,False,public,,,,,,30,640x360,18,mp4,avc1.42001E,mp4a.40.2,SDR,1.78,10615093,569.311,,,44100,2,youtube,Youtube,https://www.youtube.com/watch?v=ouKf-Gaw1Fc,https://www.youtube.com/watch?v=ouKf-Gaw1Fc,watch,youtube.com,20250426,1745691100,,,,,1785167268
@wpopoff6461,wPopoff,UC4KyIYZD1CfGCsfgB6b9gAw,251000,,,(TOP 1 VERIFICATION) Amethyst 73% (90% gameplay),https://i.ytimg.com/vi/RTqexcpjFLc/sddefault.jpg,RTqexcpjFLc,91,1:31,77565,4258,621,,,['Gaming'],[],,0,not_live,False,public,,,,,,30,640x360,18,mp4,avc1.42001E,mp4a.40.2,SDR,1.78,,553.844,,,44100,2,youtube,Youtube,https://www.youtube.com/watch?v=RTqexcpjFLc,https://www.youtube.com/watch?v=RTqexcpjFLc,watch,youtube.com,20250422,1745297651,,,,,1785167269
@wpopoff6461,wPopoff,UC4KyIYZD1CfGCsfgB6b9gAw,251000,,,(TOP 40) Psychopath 100%,https://i.ytimg.com/vi/dfhF7h2_OT4/sddefault.jpg,dfhF7h2_OT4,157,2:37,36127,2012,325,,,['Gaming'],[],en,0,not_live,False,public,,,,,,30,640x360,18,mp4,avc1.42001E,mp4a.40.2,SDR,1.78,8907971,453.603,,,22050,2,youtube,Youtube,https://www.youtube.com/watch?v=dfhF7h2_OT4,https://www.youtube.com/watch?v=dfhF7h2_OT4,watch,youtube.com,20250413,1744522825,,,,,1785167271
@wpopoff6461,wPopoff,UC4KyIYZD1CfGCsfgB6b9gAw,251000,,,(TOP 1 VERIFICATION) Amethyst 25-100% (IT'S ALMOST OVER),https://i.ytimg.com/vi/iowU6QN1RkM/maxresdefault.jpg,iowU6QN1RkM,113,1:53,71135,4576,467,,,['Gaming'],[],en,0,not_live,False,public,,,,,,30,640x360,18,mp4,avc1.42001E,mp4a.40.2,SDR,1.78,7913457,559.962,,,44100,2,youtube,Youtube,https://www.youtube.com/watch?v=iowU6QN1RkM,https://www.youtube.com/watch?v=iowU6QN1RkM,watch,youtube.com,20250408,1744083565,,,,,1785167273
@wpopoff6461,wPopoff,UC4KyIYZD1CfGCsfgB6b9gAw,251000,,,(HARDEST LEVEL) BUFFED TIDAL WAVE 100%,https://i.ytimg.com/vi/1-ihSeRCpds/maxresdefault.jpg,1-ihSeRCpds,226,3:46,646887,19752,1600,,,['Gaming'],[],en,0,not_live,False,public,,,,,,30,640x360,18,mp4,avc1.42001E,mp4a.40.2,SDR,1.78,20768574,736.004,,,44100,2,youtube,Youtube,https://www.youtube.com/watch?v=1-ihSeRCpds,https://www.youtube.com/watch?v=1-ihSeRCpds,watch,youtube.com,20250401,1743480005,20250401,1743480005,,,1785167275
@wpopoff6461,wPopoff,UC4KyIYZD1CfGCsfgB6b9gAw,251000,,,"(TOP 1 VERIFICATION) Amethyst 71%, and 36-100%",https://i.ytimg.com/vi/70_0rRIFz-Y/maxresdefault.jpg,70_0rRIFz-Y,180,3:00,64266,3875,395,,,['Gaming'],[],en,0,not_live,False,public,,,,,,30,640x360,18,mp4,avc1.42001E,mp4a.40.2,SDR,1.78,,584.693,,,44100,2,youtube,Youtube,https://www.youtube.com/watch?v=70_0rRIFz-Y,https://www.youtube.com/watch?v=70_0rRIFz-Y,watch,youtube.com,20250327,1743117775,,,,,1785167277
@wpopoff6461,wPopoff,UC4KyIYZD1CfGCsfgB6b9gAw,251000,,,Deimos 100% (fluke from 60),https://i.ytimg.com/vi/pWGCJ596v8I/sddefault.jpg,pWGCJ596v8I,198,3:18,58434,3045,346,,,['Gaming'],[],en,0,not_live,False,public,,,,,,30,640x360,18,mp4,avc1.42001E,mp4a.40.2,SDR,1.78,17720504,716.247,,,44100,2,youtube,Youtube,https://www.youtube.com/watch?v=pWGCJ596v8I,https://www.youtube.com/watch?v=pWGCJ596v8I,watch,youtube.com,20250319,1742359048,,,,,1785167279
@wpopoff6461,wPopoff,UC4KyIYZD1CfGCsfgB6b9gAw,251000,,,Solar flare 100%,https://i.ytimg.com/vi/cxbEiSpbVg8/maxresdefault.jpg,cxbEiSpbVg8,143,2:23,51388,3228,266,,,['Gaming'],[],en,0,not_live,False,public,,,,,,30,640x360,18,mp4,avc1.42001E,mp4a.40.2,SDR,1.78,12057085,673.702,,,44100,2,youtube,Youtube,https://www.youtube.com/watch?v=cxbEiSpbVg8,https://www.youtube.com/watch?v=cxbEiSpbVg8,watch,youtube.com,20250309,1741544487,,,,,1785167281
@wpopoff6461,wPopoff,UC4KyIYZD1CfGCsfgB6b9gAw,251000,,,Top 1 VERIFYING // AMETHYST 61% // BUFFED AMETHYST 47%,https://i.ytimg.com/vi/mS3EOxebJjs/sddefault.jpg,mS3EOxebJjs,132,2:12,88007,5311,582,,,['Gaming'],[],en,0,not_live,False,public,,,,,,30,640x360,18,mp4,avc1.42001E,mp4a.40.2,SDR,1.78,,441.617,,,44100,2,youtube,Youtube,https://www.youtube.com/watch?v=mS3EOxebJjs,https://www.youtube.com/watch?v=mS3EOxebJjs,watch,youtube.com,20250301,1740798584,,,,,1785167283
@wpopoff6461,wPopoff,UC4KyIYZD1CfGCsfgB6b9gAw,251000,,,Saul goodman 100%,https://i.ytimg.com/vi/sOURYbg3fgg/maxresdefault.jpg,sOURYbg3fgg,108,1:48,27609,1569,207,,,['Gaming'],[],en,0,not_live,False,public,,,,,,30,640x360,18,mp4,avc1.42001E,mp4a.40.2,SDR,1.78,,743.711,,,44100,2,youtube,Youtube,https://www.youtube.com/watch?v=sOURYbg3fgg,https://www.youtube.com/watch?v=sOURYbg3fgg,watch,youtube.com,20250227,1740617337,,,,,1785167285
@wpopoff6461,wPopoff,UC4KyIYZD1CfGCsfgB6b9gAw,251000,,,Judgement Knights 100%,https://i.ytimg.com/vi/31flhwI0rFI/maxresdefault.jpg,31flhwI0rFI,90,1:30,36838,1685,164,,,['Gaming'],[],en,0,not_live,False,public,,,,,,30,640x360,18,mp4,avc1.42001E,mp4a.40.2,SDR,1.78,,683.883,,,44100,2,youtube,Youtube,https://www.youtube.com/watch?v=31flhwI0rFI,https://www.youtube.com/watch?v=31flhwI0rFI,watch,youtube.com,20250124,1737692579,,,,,1785167287
@wpopoff6461,wPopoff,UC4KyIYZD1CfGCsfgB6b9gAw,251000,,,Mayhem 100% (Vehemence streams?),https://i.ytimg.com/vi/PKCC5xeoHlE/sddefault.jpg,PKCC5xeoHlE,114,1:54,38462,1529,170,,,['Gaming'],[],en,0,not_live,False,public,,,,,,30,640x360,18,mp4,avc1.42001E,mp4a.40.2,SDR,1.78,9656502,676.628,,,44100,2,youtube,Youtube,https://www.youtube.com/watch?v=PKCC5xeoHlE,https://www.youtube.com/watch?v=PKCC5xeoHlE,watch,youtube.com,20241203,1733197607,,,,,1785167289
@wpopoff6461,wPopoff,UC4KyIYZD1CfGCsfgB6b9gAw,251000,,,Minusdry 100% (Top 20),https://i.ytimg.com/vi/R_FoKoKtvko/maxresdefault.jpg,R_FoKoKtvko,95,1:35,54230,2748,358,,,['Gaming'],[],,0,not_live,False,public,,,,,,30,640x360,18,mp4,avc1.42001E,mp4a.40.2,SDR,1.78,,669.459,,,44100,2,youtube,Youtube,https://www.youtube.com/watch?v=R_FoKoKtvko,https://www.youtube.com/watch?v=R_FoKoKtvko,watch,youtube.com,20241126,1732598677,,,,,1785167290
@wpopoff6461,wPopoff,UC4KyIYZD1CfGCsfgB6b9gAw,251000,,,Jigsaw 100%,https://i.ytimg.com/vi/k3-L2tox0zA/maxresdefault.jpg,k3-L2tox0zA,130,2:10,25631,1825,227,,,['Gaming'],[],en,0,not_live,False,public,,,,,,30,640x360,18,mp4,avc1.42001E,mp4a.40.2,SDR,1.78,9852726,606.825,,,44100,2,youtube,Youtube,https://www.youtube.com/watch?v=k3-L2tox0zA,https://www.youtube.com/watch?v=k3-L2tox0zA,watch,youtube.com,20241119,1732051958,,,,,1785167293
@wpopoff6461,wPopoff,UC4KyIYZD1CfGCsfgB6b9gAw,251000,,,Axinie 100%,https://i.ytimg.com/vi/y4RdanfS_I0/sddefault.jpg?sqp=-oaymwEmCIAFEOAD8quKqQMa8AEB-AH-CYAC0AWKAgwIABABGHkgFyh_MA8=&rs=AOn4CLD35s0YqHmrc_YxLynCulVoP0UHEg&usqp=CBc,y4RdanfS_I0,147,2:27,35559,2020,265,,,['Gaming'],[],en,0,not_live,False,public,,,,,,30,640x360,18,mp4,avc1.42001E,mp4a.40.2,SDR,1.78,11940151,648.758,,,44100,2,youtube,Youtube,https://www.youtube.com/watch?v=y4RdanfS_I0,https://www.youtube.com/watch?v=y4RdanfS_I0,watch,youtube.com,20241108,1731038740,,,,,1785167294
@wpopoff6461,wPopoff,UC4KyIYZD1CfGCsfgB6b9gAw,251000,,,Coal scene 100%,https://i.ytimg.com/vi/nXt63kG-dX0/maxresdefault.jpg,nXt63kG-dX0,232,3:52,31119,2024,271,,,['Gaming'],[],en,0,not_live,False,public,,,,,,30,640x360,18,mp4,avc1.42001E,mp4a.40.2,SDR,1.78,,419.431,,,44100,2,youtube,Youtube,https://www.youtube.com/watch?v=nXt63kG-dX0,https://www.youtube.com/watch?v=nXt63kG-dX0,watch,youtube.com,20241028,1730092029,,,,,1785167296
@wpopoff6461,wPopoff,UC4KyIYZD1CfGCsfgB6b9gAw,251000,,,The Yangire 100%,https://i.ytimg.com/vi/7iFyGykEs_o/maxresdefault.jpg,7iFyGykEs_o,178,2:58,160090,7693,792,,,['Gaming'],[],en,0,not_live,False,public,,,,,,30,640x360,18,mp4,avc1.42001E,mp4a.40.2,SDR,1.78,12514209,561.839,,,44100,2,youtube,Youtube,https://www.youtube.com/watch?v=7iFyGykEs_o,https://www.youtube.com/watch?v=7iFyGykEs_o,watch,youtube.com,20241025,1729829868,,,,,1785167298
@wpopoff6461,wPopoff,UC4KyIYZD1CfGCsfgB6b9gAw,251000,,,Natural Disaster 100%,https://i.ytimg.com/vi/IV4YFhzIyok/hqdefault.jpg,IV4YFhzIyok,117,1:57,37098,1929,433,,,['Gaming'],[],en,0,not_live,False,public,,,,,,30,640x360,18,mp4,avc1.42001E,mp4a.40.2,SDR,1.78,,584.68,,,44100,2,youtube,Youtube,https://www.youtube.com/watch?v=IV4YFhzIyok,https://www.youtube.com/watch?v=IV4YFhzIyok,watch,youtube.com,20240926,1727322594,,,,,1785167300
@wpopoff6461,wPopoff,UC4KyIYZD1CfGCsfgB6b9gAw,251000,,,(TOP 1 VERIFICATION) Vehemence 53-100%,https://i.ytimg.com/vi/Zd-C6L9AlD0/sddefault.jpg?sqp=-oaymwEmCIAFEOAD8quKqQMa8AEB-AH-CYAC0AWKAgwIABABGH8gFCgTMA8=&rs=AOn4CLD6MBs1Rj-L973AM79Y4g_gqv4vfQ&usqp=CBc,Zd-C6L9AlD0,113,1:53,211355,6810,684,,,['Gaming'],[],en,0,not_live,False,public,,,,,,30,640x360,18,mp4,avc1.42001E,mp4a.40.2,SDR,1.78,6927678,492.328,,,44100,2,youtube,Youtube,https://www.youtube.com/watch?v=Zd-C6L9AlD0,https://www.youtube.com/watch?v=Zd-C6L9AlD0,watch,youtube.com,20240905,1725508786,,,,,1785167302
@wpopoff6461,wPopoff,UC4KyIYZD1CfGCsfgB6b9gAw,251000,,,(Top 25) Edge 100% (fluke wr from 56%),https://i.ytimg.com/vi/GSSgoIF7AeQ/maxresdefault.jpg,GSSgoIF7AeQ,167,2:47,52927,2674,469,,,['Gaming'],[],en,0,not_live,False,public,,,,,,30,640x360,18,mp4,avc1.42001E,mp4a.40.2,SDR,1.78,13185395,632.347,,,44100,2,youtube,Youtube,https://www.youtube.com/watch?v=GSSgoIF7AeQ,https://www.youtube.com/watch?v=GSSgoIF7AeQ,watch,youtube.com,20240822,1724342532,,,,,1785167304
@wpopoff6461,wPopoff,UC4KyIYZD1CfGCsfgB6b9gAw,251000,,,Firework 100% (FLUKE FROM 62%) (Attempt wr)(clickbait),https://i.ytimg.com/vi/i-GgIwTP-Xg/sddefault.jpg,i-GgIwTP-Xg,171,2:51,125006,5607,763,,,['Gaming'],[],,0,not_live,False,public,,,,,,30,640x360,18,mp4,avc1.42001E,mp4a.40.2,SDR,1.78,,587.217,,,44100,2,youtube,Youtube,https://www.youtube.com/watch?v=i-GgIwTP-Xg,https://www.youtube.com/watch?v=i-GgIwTP-Xg,watch,youtube.com,20240812,1723479547,,,,,1785167306
@wpopoff6461,wPopoff,UC4KyIYZD1CfGCsfgB6b9gAw,251000,,,Kocmoc 100% (TOP 10 COMPLETE),https://i.ytimg.com/vi/HZaJ16aGkqo/maxresdefault.jpg,HZaJ16aGkqo,125,2:05,100272,5118,639,,,['Gaming'],[],en,0,not_live,False,public,,,,,,30,640x360,18,mp4,avc1.42001E,mp4a.40.2,SDR,1.78,,596.264,,,44100,2,youtube,Youtube,https://www.youtube.com/watch?v=HZaJ16aGkqo,https://www.youtube.com/watch?v=HZaJ16aGkqo,watch,youtube.com,20240731,1722401136,,,,,1785167308
@wpopoff6461,wPopoff,UC4KyIYZD1CfGCsfgB6b9gAw,251000,,,Kyouki 100% (FLUKE FROM 69),https://i.ytimg.com/vi/oSPYRNZLdxs/hqdefault.jpg,oSPYRNZLdxs,145,2:25,101293,5201,738,,,['Gaming'],[],,0,not_live,False,public,,,,,,30,640x360,18,mp4,avc1.42001E,mp4a.40.2,SDR,1.78,,560.956,,,44100,2,youtube,Youtube,https://www.youtube.com/watch?v=oSPYRNZLdxs,https://www.youtube.com/watch?v=oSPYRNZLdxs,watch,youtube.com,20240622,1719034991,,,,,1785167310
@wpopoff6461,wPopoff,UC4KyIYZD1CfGCsfgB6b9gAw,251000,,,(Top 2) Overnus 100% // (6 DAYS) (TOP 5 COMPLETE),https://i.ytimg.com/vi/-ynbIhRflw8/maxresdefault.jpg,-ynbIhRflw8,113,1:53,223342,8941,1500,,,['Gaming'],[],,0,not_live,False,public,,,,,,30,640x360,18,mp4,avc1.42001E,mp4a.40.2,SDR,1.78,,513.998,,,44100,2,youtube,Youtube,https://www.youtube.com/watch?v=-ynbIhRflw8,https://www.youtube.com/watch?v=-ynbIhRflw8,watch,youtube.com,20240613,1718262026,20240613,1718262026,,,1785167312
@wpopoff6461,wPopoff,UC4KyIYZD1CfGCsfgB6b9gAw,251000,,,Deadlier Clubstep 100%,https://i.ytimg.com/vi/eN2V6_135GU/sddefault.jpg,eN2V6_135GU,151,2:31,46091,2168,362,,,['Gaming'],[],en,0,not_live,False,public,,,,,,30,640x360,18,mp4,avc1.42001E,mp4a.40.2,SDR,1.78,14301592,758.287,,,44100,2,youtube,Youtube,https://www.youtube.com/watch?v=eN2V6_135GU,https://www.youtube.com/watch?v=eN2V6_135GU,watch,youtube.com,20240602,1717304459,,,,,1785167314
@wpopoff6461,wPopoff,UC4KyIYZD1CfGCsfgB6b9gAw,251000,,,(TOP 1) VSC 100% + Bonus clip,https://i.ytimg.com/vi/wsZrJIr-Q9o/hqdefault.jpg,wsZrJIr-Q9o,144,2:24,91588,5034,606,,,['Gaming'],[],en,0,not_live,False,public,,,,,,30,640x360,18,mp4,avc1.42001E,mp4a.40.2,SDR,1.78,,369.868,,,44100,2,youtube,Youtube,https://www.youtube.com/watch?v=wsZrJIr-Q9o,https://www.youtube.com/watch?v=wsZrJIr-Q9o,watch,youtube.com,20240529,1716946741,,,,,1785167316
@wpopoff6461,wPopoff,UC4KyIYZD1CfGCsfgB6b9gAw,251000,,,"(Verified, Top 50) Ordinary 100% by @vit124 and more",https://i.ytimg.com/vi/4QiHP3jpGnk/maxresdefault.jpg,4QiHP3jpGnk,137,2:17,174993,4652,367,,,['Gaming'],[],en,0,not_live,False,public,,,,,,30,640x360,18,mp4,avc1.42001E,mp4a.40.2,SDR,1.78,12530437,732.715,,,44100,2,youtube,Youtube,https://www.youtube.com/watch?v=4QiHP3jpGnk,https://www.youtube.com/watch?v=4QiHP3jpGnk,watch,youtube.com,20240523,1716443417,,,,,1785167318
@wpopoff6461,wPopoff,UC4KyIYZD1CfGCsfgB6b9gAw,251000,,,"(Top 5) Abyss of Darkness 100% (FLUKE FROM 61%, 4 DAYS, ATTEMPT WR)",https://i.ytimg.com/vi/3BriTjPh4tw/maxresdefault.jpg,3BriTjPh4tw,190,3:10,164700,6878,1200,,,['Gaming'],[],en,0,not_live,False,public,,,,,,30,640x360,18,mp4,avc1.42001E,mp4a.40.2,SDR,1.78,12863055,541.445,,,44100,2,youtube,Youtube,https://www.youtube.com/watch?v=3BriTjPh4tw,https://www.youtube.com/watch?v=3BriTjPh4tw,watch,youtube.com,20240506,1715032805,20240506,1715032805,,,1785167320
@wpopoff6461,wPopoff,UC4KyIYZD1CfGCsfgB6b9gAw,251000,,,Midnight 100%,https://i.ytimg.com/vi/YF_ZoR57QN8/sddefault.jpg,YF_ZoR57QN8,144,2:24,32945,1821,217,,,['Gaming'],[],en,0,not_live,False,public,,,,,,30,640x360,18,mp4,avc1.42001E,mp4a.40.2,SDR,1.78,15034846,836.698,,,44100,2,youtube,Youtube,https://www.youtube.com/watch?v=YF_ZoR57QN8,https://www.youtube.com/watch?v=YF_ZoR57QN8,watch,youtube.com,20240503,1714704270,,,,,1785167322
@wpopoff6461,wPopoff,UC4KyIYZD1CfGCsfgB6b9gAw,251000,,,[Top 1] Slaughterhouse THREE times in a ROW // (Slaughterhouse is Dead),https://i.ytimg.com/vi/Yu_p9yrVL0w/maxresdefault.jpg,Yu_p9yrVL0w,308,5:08,817715,33410,4000,,,['Gaming'],[],en,0,not_live,False,public,,,,,,30,640x360,18,mp4,avc1.42001E,mp4a.40.2,SDR,1.78,,287.595,,,44100,2,youtube,Youtube,https://www.youtube.com/watch?v=Yu_p9yrVL0w,https://www.youtube.com/watch?v=Yu_p9yrVL0w,watch,youtube.com,20240428,1714265405,20240428,1714265405,,,1785167324
@wpopoff6461,wPopoff,UC4KyIYZD1CfGCsfgB6b9gAw,251000,,,Walter white 100%,https://i.ytimg.com/vi/7D5SBFb-kj8/maxresdefault.jpg,7D5SBFb-kj8,179,2:59,29320,1358,178,,,['Gaming'],[],en,0,not_live,False,public,,,,,,30,640x360,18,mp4,avc1.42001E,mp4a.40.2,SDR,1.78,16193684,723.639,,,44100,2,youtube,Youtube,https://www.youtube.com/watch?v=7D5SBFb-kj8,https://www.youtube.com/watch?v=7D5SBFb-kj8,watch,youtube.com,20240424,1713928473,,,,,1785167326
@wpopoff6461,wPopoff,UC4KyIYZD1CfGCsfgB6b9gAw,251000,,,Frost spirit 100%,https://i.ytimg.com/vi/PAt4C-IFMz8/sddefault.jpg,PAt4C-IFMz8,185,3:05,17422,1005,184,,,['Gaming'],[],,0,not_live,False,public,,,,,,30,640x360,18,mp4,avc1.42001E,mp4a.40.2,SDR,1.78,,659.494,,,44100,2,youtube,Youtube,https://www.youtube.com/watch?v=PAt4C-IFMz8,https://www.youtube.com/watch?v=PAt4C-IFMz8,watch,youtube.com,20240418,1713406070,,,,,1785167328
@wpopoff6461,wPopoff,UC4KyIYZD1CfGCsfgB6b9gAw,251000,,,Cold sweat 100%,https://i.ytimg.com/vi/otSV4PmMjgs/maxresdefault.jpg,otSV4PmMjgs,144,2:24,29379,1609,179,,,['Gaming'],[],en,0,not_live,False,public,,,,,,30,640x360,18,mp4,avc1.42001E,mp4a.40.2,SDR,1.78,,576.111,,,44100,2,youtube,Youtube,https://www.youtube.com/watch?v=otSV4PmMjgs,https://www.youtube.com/watch?v=otSV4PmMjgs,watch,youtube.com,20240415,1713147648,,,,,1785167329
@wpopoff6461,wPopoff,UC4KyIYZD1CfGCsfgB6b9gAw,251000,,,(Top 20) Poocubed 100% Fluke from 99,https://i.ytimg.com/vi/RxcoX31PEKQ/maxresdefault.jpg,RxcoX31PEKQ,151,2:31,51494,2474,235,,,['Gaming'],[],en,0,not_live,False,public,,,,,,30,640x360,18,mp4,avc1.42001E,mp4a.40.2,SDR,1.78,,605.88,,,44100,2,youtube,Youtube,https://www.youtube.com/watch?v=RxcoX31PEKQ,https://www.youtube.com/watch?v=RxcoX31PEKQ,watch,youtube.com,20240413,1712988900,,,,,1785167331
@wpopoff6461,wPopoff,UC4KyIYZD1CfGCsfgB6b9gAw,251000,,,Widestep 100%,https://i.ytimg.com/vi/mS7NCxv3fVY/maxresdefault.jpg,mS7NCxv3fVY,114,1:54,15189,1006,172,,,['Gaming'],[],en,0,not_live,False,public,,,,,,30,640x360,18,mp4,avc1.42001E,mp4a.40.2,SDR,1.78,,565.683,,,44100,2,youtube,Youtube,https://www.youtube.com/watch?v=mS7NCxv3fVY,https://www.youtube.com/watch?v=mS7NCxv3fVY,watch,youtube.com,20240408,1712617720,,,,,1785167333
@wpopoff6461,wPopoff,UC4KyIYZD1CfGCsfgB6b9gAw,251000,,,Aerial gleam 100%,https://i.ytimg.com/vi/FySJ3p3ygrQ/maxresdefault.jpg,FySJ3p3ygrQ,108,1:48,23462,1499,180,,,['Gaming'],[],en,0,not_live,False,public,,,,,,30,640x360,18,mp4,avc1.42001E,mp4a.40.2,SDR,1.78,7384146,548.41,,,44100,2,youtube,Youtube,https://www.youtube.com/watch?v=FySJ3p3ygrQ,https://www.youtube.com/watch?v=FySJ3p3ygrQ,watch,youtube.com,20240407,1712465350,,,,,1785167335
@wpopoff6461,wPopoff,UC4KyIYZD1CfGCsfgB6b9gAw,251000,,,Critical Heat 100% (Fluke from 61),https://i.ytimg.com/vi/opOieWMqasE/maxresdefault.jpg,opOieWMqasE,98,1:38,14833,1016,160,,,['Gaming'],[],en,0,not_live,False,public,,,,,,30,640x360,18,mp4,avc1.42001E,mp4a.40.2,SDR,1.78,7503364,609.992,,,44100,2,youtube,Youtube,https://www.youtube.com/watch?v=opOieWMqasE,https://www.youtube.com/watch?v=opOieWMqasE,watch,youtube.com,20240329,1711732447,,,,,1785167337
@wpopoff6461,wPopoff,UC4KyIYZD1CfGCsfgB6b9gAw,251000,,,Damascus 100%,https://i.ytimg.com/vi/Qjl80r4X-f8/hqdefault.jpg,Qjl80r4X-f8,380,6:20,19303,1396,221,,,['Gaming'],[],en,0,not_live,False,public,,,,,,30,640x360,18,mp4,avc1.42001E,mp4a.40.2,SDR,1.78,32527394,685.133,,,44100,2,youtube,Youtube,https://www.youtube.com/watch?v=Qjl80r4X-f8,https://www.youtube.com/watch?v=Qjl80r4X-f8,watch,youtube.com,20240327,1711511804,,,,,1785167339
@wpopoff6461,wPopoff,UC4KyIYZD1CfGCsfgB6b9gAw,251000,,,Climax 100%,https://i.ytimg.com/vi/FpGydc3fu8E/maxresdefault.jpg,FpGydc3fu8E,133,2:13,21847,1656,284,,,['Gaming'],[],en,0,not_live,False,public,,,,,,30,640x360,18,mp4,avc1.42001E,mp4a.40.2,SDR,1.78,8056153,484.231,,,44100,2,youtube,Youtube,https://www.youtube.com/watch?v=FpGydc3fu8E,https://www.youtube.com/watch?v=FpGydc3fu8E,watch,youtube.com,20240325,1711336173,,,,,1785167341
@wpopoff6461,wPopoff,UC4KyIYZD1CfGCsfgB6b9gAw,251000,,,Tunnel of Despair 100% (Top 10),https://i.ytimg.com/vi/dj_HNqcwxQ0/sddefault.jpg,dj_HNqcwxQ0,174,2:54,126758,5723,549,,,['Gaming'],[],en,0,not_live,False,public,,,,,,30,640x360,18,mp4,avc1.42001E,mp4a.40.2,SDR,1.78,11651384,534.451,,,44100,2,youtube,Youtube,https://www.youtube.com/watch?v=dj_HNqcwxQ0,https://www.youtube.com/watch?v=dj_HNqcwxQ0,watch,youtube.com,20240317,1710648747,,,,,1785167344
@wpopoff6461,wPopoff,UC4KyIYZD1CfGCsfgB6b9gAw,251000,,,(TOP 1) Tidal Wave 100% by OniLink,https://i.ytimg.com/vi/mxR1JQmQyrc/maxresdefault.jpg,mxR1JQmQyrc,223,3:43,1058509,33583,2900,,,['Gaming'],[],en,0,not_live,False,public,,,,,,30,640x360,18,mp4,avc1.42001E,mp4a.40.2,SDR,1.78,19687872,707.014,,,44100,2,youtube,Youtube,https://www.youtube.com/watch?v=mxR1JQmQyrc,https://www.youtube.com/watch?v=mxR1JQmQyrc,watch,youtube.com,20240312,1710207006,20240312,1710207006,,,1785167345
@wpopoff6461,wPopoff,UC4KyIYZD1CfGCsfgB6b9gAw,251000,,,Tidal wave 95%,https://i.ytimg.com/vi/UwY1gqdQfMc/maxresdefault.jpg,UwY1gqdQfMc,189,3:09,120041,6680,1900,,,['Gaming'],[],,0,not_live,False,public,,,,,,30,640x360,18,mp4,avc1.42001E,mp4a.40.2,SDR,1.78,,682.247,,,44100,2,youtube,Youtube,https://www.youtube.com/watch?v=UwY1gqdQfMc,https://www.youtube.com/watch?v=UwY1gqdQfMc,watch,youtube.com,20240302,1709340696,,,,,1785167347
@wpopoff6461,wPopoff,UC4KyIYZD1CfGCsfgB6b9gAw,251000,,,(TOP 1) TIDAL WAVE 76%,https://i.ytimg.com/vi/CqaFMQSUKyU/hqdefault.jpg,CqaFMQSUKyU,166,2:46,90371,5745,941,,,['Gaming'],[],en,0,not_live,False,public,,,,,,30,640x360,18,mp4,avc1.42001E,mp4a.40.2,SDR,1.78,15486880,748.036,,,44100,2,youtube,Youtube,https://www.youtube.com/watch?v=CqaFMQSUKyU,https://www.youtube.com/watch?v=CqaFMQSUKyU,watch,youtube.com,20240225,1708904917,,,,,1785167349
@wpopoff6461,wPopoff,UC4KyIYZD1CfGCsfgB6b9gAw,251000,,,Tidal wave WORLD RECORD PROGRESS! 62.9%!,https://i.ytimg.com/vi/qFzkNM_6e2A/maxresdefault.jpg,qFzkNM_6e2A,144,2:24,26852,1514,204,,,['Gaming'],[],en,0,not_live,False,public,,,,,,30,640x360,18,mp4,avc1.42001E,mp4a.40.2,SDR,1.78,12969388,720.241,,,44100,2,youtube,Youtube,https://www.youtube.com/watch?v=qFzkNM_6e2A,https://www.youtube.com/watch?v=qFzkNM_6e2A,watch,youtube.com,20240224,1708809908,20240224,1708809908,,,1785167351
@wpopoff6461,wPopoff,UC4KyIYZD1CfGCsfgB6b9gAw,251000,,,crackhead circles 100%,https://i.ytimg.com/vi/DwQAB3_QgpU/maxresdefault.jpg,DwQAB3_QgpU,123,2:03,38757,1497,139,,,['Gaming'],[],en,0,not_live,False,public,,,,,,30,640x360,18,mp4,avc1.42001E,mp4a.40.2,SDR,1.78,,1072.126,,,44100,2,youtube,Youtube,https://www.youtube.com/watch?v=DwQAB3_QgpU,https://www.youtube.com/watch?v=DwQAB3_QgpU,watch,youtube.com,20240213,1707795124,,,,,1785167354
@wpopoff6461,wPopoff,UC4KyIYZD1CfGCsfgB6b9gAw,251000,,,Promethean 100%,https://i.ytimg.com/vi/RW82nTXIltw/sddefault.jpg,RW82nTXIltw,160,2:40,13806,664,147,,,['Gaming'],[],en,0,not_live,False,public,,,,,,30,640x360,18,mp4,avc1.42001E,mp4a.40.2,SDR,1.78,9106458,455.3,,,44100,2,youtube,Youtube,https://www.youtube.com/watch?v=RW82nTXIltw,https://www.youtube.com/watch?v=RW82nTXIltw,watch,youtube.com,20240128,1706412891,,,,,1785167356
@wpopoff6461,wPopoff,UC4KyIYZD1CfGCsfgB6b9gAw,251000,,,The Hallucination 100% by SyQual,https://i.ytimg.com/vi/fdp8CvI5uUw/sddefault.jpg,fdp8CvI5uUw,137,2:17,17658,933,192,,,['Gaming'],[],en,0,not_live,False,public,,,,,,30,640x360,18,mp4,avc1.42001E,mp4a.40.2,SDR,1.78,11335670,660.269,,,44100,2,youtube,Youtube,https://www.youtube.com/watch?v=fdp8CvI5uUw,https://www.youtube.com/watch?v=fdp8CvI5uUw,watch,youtube.com,20240127,1706331035,,,,,1785167358
@wpopoff6461,wPopoff,UC4KyIYZD1CfGCsfgB6b9gAw,251000,,,[TOP 3] Silent clubstep 100% by TheRealSailent,https://i.ytimg.com/vi/trf9--AiLH8/maxresdefault.jpg,trf9--AiLH8,309,5:09,178732,6623,531,,,['Gaming'],[],en,0,not_live,False,public,,,,,,30,640x360,18,mp4,avc1.42001E,mp4a.40.2,SDR,1.78,18485114,479.318,,,44100,2,youtube,Youtube,https://www.youtube.com/watch?v=trf9--AiLH8,https://www.youtube.com/watch?v=trf9--AiLH8,watch,youtube.com,20240123,1705982833,,,,,1785167360
@wpopoff6461,wPopoff,UC4KyIYZD1CfGCsfgB6b9gAw,251000,,,Silent Clubstep 65%,https://i.ytimg.com/vi/hEMo3_wwX3E/maxresdefault.jpg,hEMo3_wwX3E,80,1:20,7746,440,101,,,['Gaming'],[],en,0,not_live,False,public,,,,,,30,640x360,18,mp4,avc1.42001E,mp4a.40.2,SDR,1.78,,622.848,,,44100,2,youtube,Youtube,https://www.youtube.com/watch?v=hEMo3_wwX3E,https://www.youtube.com/watch?v=hEMo3_wwX3E,watch,youtube.com,20240102,1704222753,,,,,1785167362
@wpopoff6461,wPopoff,UC4KyIYZD1CfGCsfgB6b9gAw,251000,,,christmashouse 100%,https://i.ytimg.com/vi/qu8UvLEh42g/hqdefault.jpg,qu8UvLEh42g,96,1:36,14215,700,89,,,['Gaming'],[],,0,not_live,False,public,,,,,,30,640x360,18,mp4,avc1.42001E,mp4a.40.2,SDR,1.78,,500.726,,,44100,2,youtube,Youtube,https://www.youtube.com/watch?v=qu8UvLEh42g,https://www.youtube.com/watch?v=qu8UvLEh42g,watch,youtube.com,20231226,1703559517,,,,,1785167364
@wpopoff6461,wPopoff,UC4KyIYZD1CfGCsfgB6b9gAw,251000,,,Shukketsu 100%,https://i.ytimg.com/vi/_dDBK2ptIzU/maxresdefault.jpg,_dDBK2ptIzU,82,1:22,10748,488,127,,,['Gaming'],[],en,0,not_live,False,public,,,,,,30,640x360,18,mp4,avc1.42001E,mp4a.40.2,SDR,1.78,7475330,729.398,,,44100,2,youtube,Youtube,https://www.youtube.com/watch?v=_dDBK2ptIzU,https://www.youtube.com/watch?v=_dDBK2ptIzU,watch,youtube.com,20231215,1702613790,,,,,1785167366
@wpopoff6461,wPopoff,UC4KyIYZD1CfGCsfgB6b9gAw,251000,,,Keres 100%,https://i.ytimg.com/vi/Os4WCrc2Bak/sddefault.jpg,Os4WCrc2Bak,126,2:06,5758,342,36,,,['Gaming'],[],en,0,not_live,False,public,,,,,,30,640x360,18,mp4,avc1.42001E,mp4a.40.2,SDR,1.78,,631.879,,,44100,2,youtube,Youtube,https://www.youtube.com/watch?v=Os4WCrc2Bak,https://www.youtube.com/watch?v=Os4WCrc2Bak,watch,youtube.com,20231210,1702182203,,,,,1785167368
@wpopoff6461,wPopoff,UC4KyIYZD1CfGCsfgB6b9gAw,251000,,,Trotil 100%,https://i.ytimg.com/vi/RjFKewIhCdE/sddefault.jpg,RjFKewIhCdE,105,1:45,11944,492,52,,,['Gaming'],[],en,0,not_live,False,public,,,,,,30,640x360,18,mp4,avc1.42001E,mp4a.40.2,SDR,1.78,8817477,670.766,,,44100,2,youtube,Youtube,https://www.youtube.com/watch?v=RjFKewIhCdE,https://www.youtube.com/watch?v=RjFKewIhCdE,watch,youtube.com,20231207,1701917463,,,,,1785167370
@wpopoff6461,wPopoff,UC4KyIYZD1CfGCsfgB6b9gAw,251000,,,Amalgam 100% READ DESCRIPTION,https://i.ytimg.com/vi/2ZSiQWo2Io8/sddefault.jpg,2ZSiQWo2Io8,138,2:18,9789,484,62,,,['Gaming'],[],en,0,not_live,False,public,,,,,,30,640x360,18,mp4,avc1.42001E,mp4a.40.2,SDR,1.78,,625.065,,,44100,2,youtube,Youtube,https://www.youtube.com/watch?v=2ZSiQWo2Io8,https://www.youtube.com/watch?v=2ZSiQWo2Io8,watch,youtube.com,20231204,1701660363,,,,,1785167371
@wpopoff6461,wPopoff,UC4KyIYZD1CfGCsfgB6b9gAw,251000,,,"Sary Never clear 100% (read description, FOR FUN BY FAR)",https://i.ytimg.com/vi/AuMUrBZOc7s/hqdefault.jpg,AuMUrBZOc7s,87,1:27,6508,299,93,,,['Gaming'],[],en,0,not_live,False,public,,,,,,30,640x360,18,mp4,avc1.42001E,mp4a.40.2,SDR,1.78,,672.071,,,44100,2,youtube,Youtube,https://www.youtube.com/watch?v=AuMUrBZOc7s,https://www.youtube.com/watch?v=AuMUrBZOc7s,watch,youtube.com,20231128,1701141390,,,,,1785167373
@wpopoff6461,wPopoff,UC4KyIYZD1CfGCsfgB6b9gAw,251000,,,tidal wave FILLER BY FAR,https://i.ytimg.com/vi/n3RdjA3lStc/hqdefault.jpg,n3RdjA3lStc,137,2:17,11075,555,60,,,['Gaming'],[],en,0,not_live,False,public,,,,,,30,640x360,18,mp4,avc1.42001E,mp4a.40.2,SDR,1.78,,634.518,,,44100,2,youtube,Youtube,https://www.youtube.com/watch?v=n3RdjA3lStc,https://www.youtube.com/watch?v=n3RdjA3lStc,watch,youtube.com,20231122,1700675570,,,,,1785167375
@wpopoff6461,wPopoff,UC4KyIYZD1CfGCsfgB6b9gAw,251000,,,Buffed Acheron 100%,https://i.ytimg.com/vi/fD0picfG4CE/hqdefault.jpg,fD0picfG4CE,78,1:18,27459,1098,179,,,['Gaming'],[],,0,not_live,False,public,,,,,,30,640x360,18,mp4,avc1.42001E,mp4a.40.2,SDR,1.78,,730.459,,,44100,2,youtube,Youtube,https://www.youtube.com/watch?v=fD0picfG4CE,https://www.youtube.com/watch?v=fD0picfG4CE,watch,youtube.com,20231111,1699684904,,,,,1785167377
@wpopoff6461,wPopoff,UC4KyIYZD1CfGCsfgB6b9gAw,251000,,,I almost did a 62% run on Tidal wave TWICE in a ROW??,https://i.ytimg.com/vi/6n3DUot1p2o/hqdefault.jpg,6n3DUot1p2o,194,3:14,8839,554,78,,,['Gaming'],[],en,0,not_live,False,public,,,,,,30,640x360,18,mp4,avc1.42001E,mp4a.40.2,SDR,1.78,18140865,749.951,,,44100,2,youtube,Youtube,https://www.youtube.com/watch?v=6n3DUot1p2o,https://www.youtube.com/watch?v=6n3DUot1p2o,watch,youtube.com,20231102,1698896570,,,,,1785167379
@wpopoff6461,wPopoff,UC4KyIYZD1CfGCsfgB6b9gAw,251000,,,The lost existence 100%,https://i.ytimg.com/vi/QSgk_IxIozk/sddefault.jpg,QSgk_IxIozk,338,5:38,5741,281,45,,,['Gaming'],[],en,0,not_live,False,public,,,,,,30,640x360,18,mp4,avc1.42001E,mp4a.40.2,SDR,1.78,29552262,699.965,,,44100,2,youtube,Youtube,https://www.youtube.com/watch?v=QSgk_IxIozk,https://www.youtube.com/watch?v=QSgk_IxIozk,watch,youtube.com,20231029,1698561968,,,,,1785167381
@wpopoff6461,wPopoff,UC4KyIYZD1CfGCsfgB6b9gAw,251000,,,"Hard machine 100%, ft. Dedicate pohgii",https://i.ytimg.com/vi/XFC4C6Eg3qU/sddefault.jpg,XFC4C6Eg3qU,142,2:22,9726,473,63,,,['Gaming'],[],en,0,not_live,False,public,,,,,,30,640x360,18,mp4,avc1.42001E,mp4a.40.2,SDR,1.78,,575.175,,,44100,2,youtube,Youtube,https://www.youtube.com/watch?v=XFC4C6Eg3qU,https://www.youtube.com/watch?v=XFC4C6Eg3qU,watch,youtube.com,20231020,1697777084,,,,,1785167383
@wpopoff6461,wPopoff,UC4KyIYZD1CfGCsfgB6b9gAw,251000,,,silent club 100% ft. no step involved,https://i.ytimg.com/vi/T0Q-mhcQVRE/maxresdefault.jpg,T0Q-mhcQVRE,109,1:49,11338,563,66,,,['Gaming'],[],,0,not_live,False,public,,,,,,30,640x360,18,mp4,avc1.42001E,mp4a.40.2,SDR,1.78,,667.387,,,44100,2,youtube,Youtube,https://www.youtube.com/watch?v=T0Q-mhcQVRE,https://www.youtube.com/watch?v=T0Q-mhcQVRE,watch,youtube.com,20231014,1697252275,,,,,1785167385
@wpopoff6461,wPopoff,UC4KyIYZD1CfGCsfgB6b9gAw,251000,,,(VERIFIED) UNNERFED Slaughterhouse 100%,https://i.ytimg.com/vi/5QeIp5fC1hE/maxresdefault.jpg,5QeIp5fC1hE,169,2:49,244814,9050,698,,,['Gaming'],[],en,0,not_live,False,public,,,,,,30,640x360,18,mp4,avc1.42001E,mp4a.40.2,SDR,1.78,,333.175,,,44100,2,youtube,Youtube,https://www.youtube.com/watch?v=5QeIp5fC1hE,https://www.youtube.com/watch?v=5QeIp5fC1hE,watch,youtube.com,20231008,1696798207,20231008,1696798207,,,1785167387
@wpopoff6461,wPopoff,UC4KyIYZD1CfGCsfgB6b9gAw,251000,,,"I beat SLAUGHTERHOUSE, 5 times? for a FILLER!?",https://i.ytimg.com/vi/WquYwJCjMe0/sddefault.jpg?sqp=-oaymwEmCIAFEOAD8quKqQMa8AEB-AH-CYAC0AWKAgwIABABGH8gEygaMA8=&rs=AOn4CLAExtEUh96PvMrLlCpw_B0U4J-AvQ&usqp=CBc,WquYwJCjMe0,81,1:21,18361,687,77,,,['Gaming'],"['slaughterhouse gd', 'slaughterhouse', 'gd slaughterhouse', 'gd', 'slaughterhouse geometry dash', 'geometry dash slaughterhouse', 'gd slaughterhouse 100', 'spaceuk slaughterhouse', 'slaughterhouse verified', 'slaughterhouse unnerfed', 'slaughterhouse extreme demon', 'new slaughterhouse', 'slaughterhouse 100', 'slaughterhouse space', 'slaughterhouse dorami', 'slaughterhouse lyrics', 'kaiguy slaughterhouse', 'slaughterhouse doggie', 'unnerfed slaughterhouse', 'slaughterhouse by icedcave']",en,0,not_live,False,public,,,,,,30,640x360,18,mp4,avc1.42001E,mp4a.40.2,SDR,1.78,,458.057,,,44100,2,youtube,Youtube,https://www.youtube.com/watch?v=WquYwJCjMe0,https://www.youtube.com/watch?v=WquYwJCjMe0,watch,youtube.com,20231007,1696650222,,,,,1785167389
@wpopoff6461,wPopoff,UC4KyIYZD1CfGCsfgB6b9gAw,251000,,,the rupture 100%,https://i.ytimg.com/vi/blt1I2ONXwc/maxresdefault.jpg,blt1I2ONXwc,95,1:35,4535,233,41,,,['Gaming'],[],en,0,not_live,False,public,,,,,,30,640x360,18,mp4,avc1.42001E,mp4a.40.2,SDR,1.78,,686.606,,,44100,2,youtube,Youtube,https://www.youtube.com/watch?v=blt1I2ONXwc,https://www.youtube.com/watch?v=blt1I2ONXwc,watch,youtube.com,20230930,1696101839,,,,,1785167391
@wpopoff6461,wPopoff,UC4KyIYZD1CfGCsfgB6b9gAw,251000,,,Highlight: Awakening horus 100% (unluckiest victor),https://i.ytimg.com/vi/7QGjXhliWE4/maxresdefault.jpg,7QGjXhliWE4,82,1:22,3690,178,24,,,['Gaming'],"['games', 'twitch']",,0,not_live,False,public,,,,,,30,640x360,18,mp4,avc1.42001E,mp4a.40.2,SDR,1.78,,690.819,,,44100,2,youtube,Youtube,https://www.youtube.com/watch?v=7QGjXhliWE4,https://www.youtube.com/watch?v=7QGjXhliWE4,watch,youtube.com,20230922,1695344129,,,,,1785167393
@wpopoff6461,wPopoff,UC4KyIYZD1CfGCsfgB6b9gAw,251000,,,Tidal Wave Infinity 100%,https://i.ytimg.com/vi/PqA5oAH2eDk/maxresdefault.jpg,PqA5oAH2eDk,340,5:40,36907,1114,131,,,['Gaming'],[],en,0,not_live,False,public,,,,,,30,640x360,18,mp4,avc1.42001E,mp4a.40.2,SDR,1.78,,687.186,,,44100,2,youtube,Youtube,https://www.youtube.com/watch?v=PqA5oAH2eDk,https://www.youtube.com/watch?v=PqA5oAH2eDk,watch,youtube.com,20230910,1694323827,,,,,1785167395
@wpopoff6461,wPopoff,UC4KyIYZD1CfGCsfgB6b9gAw,251000,,,Neutra 100%,https://i.ytimg.com/vi/ttC4sm0vYh8/maxresdefault.jpg,ttC4sm0vYh8,101,1:41,6865,367,42,,,['Gaming'],[],en,0,not_live,False,public,,,,,,30,640x360,18,mp4,avc1.42001E,mp4a.40.2,SDR,1.78,,771.826,,,44100,2,youtube,Youtube,https://www.youtube.com/watch?v=ttC4sm0vYh8,https://www.youtube.com/watch?v=ttC4sm0vYh8,watch,youtube.com,20230904,1693792721,,,,,1785167397
@wpopoff6461,wPopoff,UC4KyIYZD1CfGCsfgB6b9gAw,251000,,,"I Played in a Geometry Dash WORLD Tournament, here's how it went!",https://i.ytimg.com/vi/zMV5aih1kXg/maxresdefault.jpg,zMV5aih1kXg,893,14:53,19012,915,86,,,['Gaming'],[],en,0,not_live,False,public,,,,,,30,640x360,18,mp4,avc1.42001E,mp4a.40.2,SDR,1.78,,477.137,,,44100,2,youtube,Youtube,https://www.youtube.com/watch?v=zMV5aih1kXg,https://www.youtube.com/watch?v=zMV5aih1kXg,watch,youtube.com,20230828,1693186620,,,,,1785167399
@wpopoff6461,wPopoff,UC4KyIYZD1CfGCsfgB6b9gAw,251000,,,Fog 100%,https://i.ytimg.com/vi/qDic8RetS9Y/maxresdefault.jpg,qDic8RetS9Y,80,1:20,7848,327,72,,,['Gaming'],[],,0,not_live,False,public,,,,,,30,640x360,18,mp4,avc1.42001E,mp4a.40.2,SDR,1.78,,701.27,,,44100,2,youtube,Youtube,https://www.youtube.com/watch?v=qDic8RetS9Y,https://www.youtube.com/watch?v=qDic8RetS9Y,watch,youtube.com,20230823,1692819384,,,,,1785167401
@wpopoff6461,wPopoff,UC4KyIYZD1CfGCsfgB6b9gAw,251000,,,Terminal Rampancy 100%,https://i.ytimg.com/vi/YXQsMCetk-8/maxresdefault.jpg,YXQsMCetk-8,133,2:13,8274,339,56,,,['Gaming'],[],en,0,not_live,False,public,,,,,,30,640x360,18,mp4,avc1.42001E,mp4a.40.2,SDR,1.78,,647.712,,,44100,2,youtube,Youtube,https://www.youtube.com/watch?v=YXQsMCetk-8,https://www.youtube.com/watch?v=YXQsMCetk-8,watch,youtube.com,20230821,1692594308,,,,,1785167403
@wpopoff6461,wPopoff,UC4KyIYZD1CfGCsfgB6b9gAw,251000,,,Kenos 100%,https://i.ytimg.com/vi/SejjugSxYCs/hqdefault.jpg,SejjugSxYCs,293,4:53,8829,437,70,,,['Gaming'],[],en,0,not_live,False,public,,,,,,30,640x360,18,mp4,avc1.42001E,mp4a.40.2,SDR,1.78,17033243,464.831,,,44100,2,youtube,Youtube,https://www.youtube.com/watch?v=SejjugSxYCs,https://www.youtube.com/watch?v=SejjugSxYCs,watch,youtube.com,20230814,1691987417,,,,,1785167405
@wpopoff6461,wPopoff,UC4KyIYZD1CfGCsfgB6b9gAw,251000,,,The Golden 100% ft. nerves by far and guest,https://i.ytimg.com/vi/i4Rtnk5W2V4/maxresdefault.jpg,i4Rtnk5W2V4,126,2:06,13835,617,91,,,['Gaming'],[],en,0,not_live,False,public,,,,,,30,640x360,18,mp4,avc1.42001E,mp4a.40.2,SDR,1.78,,459.614,,,44100,2,youtube,Youtube,https://www.youtube.com/watch?v=i4Rtnk5W2V4,https://www.youtube.com/watch?v=i4Rtnk5W2V4,watch,youtube.com,20230807,1691384931,,,,,1785167407
@wpopoff6461,wPopoff,UC4KyIYZD1CfGCsfgB6b9gAw,251000,,,Escape room 100%,https://i.ytimg.com/vi/VNdmcGZigac/maxresdefault.jpg,VNdmcGZigac,162,2:42,4238,203,42,,,['Gaming'],[],en,0,not_live,False,public,,,,,,30,640x360,18,mp4,avc1.42001E,mp4a.40.2,SDR,1.78,,557.472,,,44100,2,youtube,Youtube,https://www.youtube.com/watch?v=VNdmcGZigac,https://www.youtube.com/watch?v=VNdmcGZigac,watch,youtube.com,20230729,1690663567,,,,,1785167409
@wpopoff6461,wPopoff,UC4KyIYZD1CfGCsfgB6b9gAw,251000,,,Sakupen Circles 100% [Geometry dash] [top 7 Extreme Demon],https://i.ytimg.com/vi/2Z5fn2yF2r4/maxresdefault.jpg,2Z5fn2yF2r4,156,2:36,42971,1576,176,,,['Gaming'],[],,0,not_live,False,public,,,,,,30,640x360,18,mp4,avc1.42001E,mp4a.40.2,SDR,1.78,,712.671,,,44100,2,youtube,Youtube,https://www.youtube.com/watch?v=2Z5fn2yF2r4,https://www.youtube.com/watch?v=2Z5fn2yF2r4,watch,youtube.com,20230727,1690436168,20230727,1690436168,,,1785167410
@wpopoff6461,wPopoff,UC4KyIYZD1CfGCsfgB6b9gAw,251000,,,Akashic records 100% ft. SoFaygo,https://i.ytimg.com/vi/b-vVzVBt6aA/maxresdefault.jpg,b-vVzVBt6aA,163,2:43,4031,187,42,,,['Gaming'],[],,0,not_live,False,public,,,,,,30,640x360,18,mp4,avc1.42001E,mp4a.40.2,SDR,1.78,,689.426,,,44100,2,youtube,Youtube,https://www.youtube.com/watch?v=b-vVzVBt6aA,https://www.youtube.com/watch?v=b-vVzVBt6aA,watch,youtube.com,20230717,1689562990,,,,,1785167413
@wpopoff6461,wPopoff,UC4KyIYZD1CfGCsfgB6b9gAw,251000,,,Kuzureta 100%,https://i.ytimg.com/vi/5v4hbQUaW0Y/maxresdefault.jpg,5v4hbQUaW0Y,157,2:37,4984,281,45,,,['Gaming'],[],en,0,not_live,False,public,,,,,,30,640x360,18,mp4,avc1.42001E,mp4a.40.2,SDR,1.78,,593.962,,,44100,2,youtube,Youtube,https://www.youtube.com/watch?v=5v4hbQUaW0Y,https://www.youtube.com/watch?v=5v4hbQUaW0Y,watch,youtube.com,20230712,1689130389,,,,,1785167414
@wpopoff6461,wPopoff,UC4KyIYZD1CfGCsfgB6b9gAw,251000,,,Sakupen circles 69 37-75,https://i.ytimg.com/vi/WBG-QCsjC3o/hqdefault.jpg,WBG-QCsjC3o,63,1:03,3552,172,42,,,['Gaming'],[],,0,not_live,False,public,,,,,,30,640x360,18,mp4,avc1.42001E,mp4a.40.2,SDR,1.78,,703.468,,,44100,2,youtube,Youtube,https://www.youtube.com/watch?v=WBG-QCsjC3o,https://www.youtube.com/watch?v=WBG-QCsjC3o,watch,youtube.com,20230708,1688781434,,,,,1785167416
@wpopoff6461,wPopoff,UC4KyIYZD1CfGCsfgB6b9gAw,251000,,,newborn popoff (superKstar01) beats his first 2 extreme demons!!,https://i.ytimg.com/vi/IlZR16vsDKg/maxresdefault.jpg,IlZR16vsDKg,234,3:54,8045,276,57,,,['Gaming'],[],,0,not_live,False,public,,,,,,30,640x360,18,mp4,avc1.42001E,mp4a.40.2,SDR,1.78,,606.033,,,44100,2,youtube,Youtube,https://www.youtube.com/watch?v=IlZR16vsDKg,https://www.youtube.com/watch?v=IlZR16vsDKg,watch,youtube.com,20230630,1688168127,,,,,1785167418
@wpopoff6461,wPopoff,UC4KyIYZD1CfGCsfgB6b9gAw,251000,,,Renevant 100% (Technical issue demon),https://i.ytimg.com/vi/fSXNKpDPmeo/hqdefault.jpg,fSXNKpDPmeo,158,2:38,6056,312,46,,,['Gaming'],[],en,0,not_live,False,public,,,,,,30,640x360,18,mp4,avc1.42001E,mp4a.40.2,SDR,1.78,,605.099,,,44100,2,youtube,Youtube,https://www.youtube.com/watch?v=fSXNKpDPmeo,https://www.youtube.com/watch?v=fSXNKpDPmeo,watch,youtube.com,20230626,1687751403,,,,,1785167420
@wpopoff6461,wPopoff,UC4KyIYZD1CfGCsfgB6b9gAw,251000,,,ACHERON 100% [WR ATTEMPTS] [300FPS] [FIRST 13 YEAR OLD] [HARDEST DEMON] Hosted by TEABAGZ and ENFIX,https://i.ytimg.com/vi/QV0lz9c8BYw/maxresdefault.jpg,QV0lz9c8BYw,216,3:36,190481,6388,996,,,['Gaming'],[],en,0,not_live,False,public,,,,,,30,640x360,18,mp4,avc1.42001E,mp4a.40.2,SDR,1.78,,626.575,,,44100,2,youtube,Youtube,https://www.youtube.com/watch?v=QV0lz9c8BYw,https://www.youtube.com/watch?v=QV0lz9c8BYw,watch,youtube.com,20230621,1687315284,,,,,1785167422
@wpopoff6461,wPopoff,UC4KyIYZD1CfGCsfgB6b9gAw,251000,,,Knights Of Thunder 100%,https://i.ytimg.com/vi/jLoak_Poeyg/hqdefault.jpg,jLoak_Poeyg,111,1:51,9375,407,39,,,['Gaming'],[],,0,not_live,False,public,,,,,,30,640x360,18,mp4,avc1.42001E,mp4a.40.2,SDR,1.78,,657.957,,,44100,2,youtube,Youtube,https://www.youtube.com/watch?v=jLoak_Poeyg,https://www.youtube.com/watch?v=jLoak_Poeyg,watch,youtube.com,20230615,1686861993,,,,,1785167424
@wpopoff6461,wPopoff,UC4KyIYZD1CfGCsfgB6b9gAw,251000,,,Top 3 nerfed list levels 100%,https://i.ytimg.com/vi/Um-fLgl4Muw/maxresdefault.jpg,Um-fLgl4Muw,363,6:03,4957,247,52,,,['Gaming'],[],en,0,not_live,False,public,,,,,,30,640x360,18,mp4,avc1.42001E,mp4a.40.2,SDR,1.78,,671.41,,,44100,2,youtube,Youtube,https://www.youtube.com/watch?v=Um-fLgl4Muw,https://www.youtube.com/watch?v=Um-fLgl4Muw,watch,youtube.com,20230611,1686455229,,,,,1785167426
@wpopoff6461,wPopoff,UC4KyIYZD1CfGCsfgB6b9gAw,251000,,,Unknown 100% (Unluckiest victor),https://i.ytimg.com/vi/mWK6Kg_mlyg/maxresdefault.jpg,mWK6Kg_mlyg,120,2:00,53834,2606,135,,,['Gaming'],[],en,0,not_live,False,public,,,,,,30,640x360,18,mp4,avc1.42001E,mp4a.40.2,SDR,1.78,8060605,536.644,,,44100,2,youtube,Youtube,https://www.youtube.com/watch?v=mWK6Kg_mlyg,https://www.youtube.com/watch?v=mWK6Kg_mlyg,watch,youtube.com,20230605,1685931416,,,,,1785167428
@wpopoff6461,wPopoff,UC4KyIYZD1CfGCsfgB6b9gAw,251000,,,Timor 100%,https://i.ytimg.com/vi/wrPhIX6AicA/maxresdefault.jpg,wrPhIX6AicA,105,1:45,2940,132,32,,,['Gaming'],"['games', 'twitch']",en,0,not_live,False,public,,,,,,30,640x360,18,mp4,avc1.42001E,mp4a.40.2,SDR,1.78,,591.913,,,44100,2,youtube,Youtube,https://www.youtube.com/watch?v=wrPhIX6AicA,https://www.youtube.com/watch?v=wrPhIX6AicA,watch,youtube.com,20230524,1684971403,,,,,1785167430
@wpopoff6461,wPopoff,UC4KyIYZD1CfGCsfgB6b9gAw,251000,,,Eternal moment 100%,https://i.ytimg.com/vi/VU2S7PSgxJs/maxresdefault.jpg,VU2S7PSgxJs,75,1:15,3428,155,37,,,['Gaming'],"['games', 'twitch']",,0,not_live,False,public,,,,,,30,640x360,18,mp4,avc1.42001E,mp4a.40.2,SDR,1.78,,692.702,,,44100,2,youtube,Youtube,https://www.youtube.com/watch?v=VU2S7PSgxJs,https://www.youtube.com/watch?v=VU2S7PSgxJs,watch,youtube.com,20230517,1684289828,,,,,1785167432
@wpopoff6461,wPopoff,UC4KyIYZD1CfGCsfgB6b9gAw,251000,,,Devil vortex 100%,https://i.ytimg.com/vi/UtHVB0G_-jM/maxresdefault.jpg,UtHVB0G_-jM,118,1:58,4658,190,30,,,['Gaming'],"['games', 'twitch']",en,0,not_live,False,public,,,,,,30,640x360,18,mp4,avc1.42001E,mp4a.40.2,SDR,1.78,,482.229,,,44100,2,youtube,Youtube,https://www.youtube.com/watch?v=UtHVB0G_-jM,https://www.youtube.com/watch?v=UtHVB0G_-jM,watch,youtube.com,20230510,1683678539,,,,,1785167433
@wpopoff6461,wPopoff,UC4KyIYZD1CfGCsfgB6b9gAw,251000,,,Slaughterhouse 200 persons,https://i.ytimg.com/vi/fgJNBvxF_Eo/hqdefault.jpg?sqp=-oaymwEmCOADEOgC8quKqQMa8AEB-AH-CYAC0AWKAgwIABABGH8gFCgTMA8=&rs=AOn4CLDKznWIszpJ5QgwO056_paV2teXNw&usqp=CBc,fgJNBvxF_Eo,161,2:41,12989,504,103,,,['Gaming'],[],,0,not_live,False,public,,,,,,30,640x360,18,mp4,avc1.42001E,mp4a.40.2,SDR,1.78,,466.232,,,44100,2,youtube,Youtube,https://www.youtube.com/watch?v=fgJNBvxF_Eo,https://www.youtube.com/watch?v=fgJNBvxF_Eo,watch,youtube.com,20230503,1683154727,,,,,1785167435
@wpopoff6461,wPopoff,UC4KyIYZD1CfGCsfgB6b9gAw,251000,,,Acheron 97% (fluke from 69),https://i.ytimg.com/vi/80uCyNJ-oXE/hqdefault.jpg,80uCyNJ-oXE,80,1:20,20499,665,186,,,['Gaming'],[],,0,not_live,False,public,,,,,,30,640x360,18,mp4,avc1.42001E,mp4a.40.2,SDR,1.78,,650.971,,,44100,2,youtube,Youtube,https://www.youtube.com/watch?v=80uCyNJ-oXE,https://www.youtube.com/watch?v=80uCyNJ-oXE,watch,youtube.com,20230429,1682727293,,,,,1785167437
@wpopoff6461,wPopoff,UC4KyIYZD1CfGCsfgB6b9gAw,251000,,,"Frozen cave, ACHERON 31 BUG 100% (fixed yay)",https://i.ytimg.com/vi/AIlgJ6ggXfs/maxresdefault.jpg,AIlgJ6ggXfs,100,1:40,4081,198,26,,,['Gaming'],"['games', 'twitch']",en,0,not_live,False,public,,,,,,30,640x360,18,mp4,avc1.42001E,mp4a.40.2,SDR,1.78,,591.508,,,44100,2,youtube,Youtube,https://www.youtube.com/watch?v=AIlgJ6ggXfs,https://www.youtube.com/watch?v=AIlgJ6ggXfs,watch,youtube.com,20230424,1682300932,,,,,1785167439
@wpopoff6461,wPopoff,UC4KyIYZD1CfGCsfgB6b9gAw,251000,,,(sad video) acheron update IMPORTANT!,https://i.ytimg.com/vi/rEH_Jq_fITI/maxresdefault.jpg,rEH_Jq_fITI,248,4:08,4164,197,28,,,['Gaming'],[],en,0,not_live,False,public,,,,,,30,640x360,18,mp4,avc1.42001E,mp4a.40.2,SDR,1.78,,226.214,,,44100,2,youtube,Youtube,https://www.youtube.com/watch?v=rEH_Jq_fITI,https://www.youtube.com/watch?v=rEH_Jq_fITI,watch,youtube.com,20230419,1681872080,,,,,1785167441
@wpopoff6461,wPopoff,UC4KyIYZD1CfGCsfgB6b9gAw,251000,,,Acheron 69,https://i.ytimg.com/vi/lKwBrxL_htU/maxresdefault.jpg,lKwBrxL_htU,50,50,6564,220,51,,,['Gaming'],[],,0,not_live,False,public,,,,,,30,640x360,18,mp4,avc1.42001E,mp4a.40.2,SDR,1.78,,719.471,,,44100,2,youtube,Youtube,https://www.youtube.com/watch?v=lKwBrxL_htU,https://www.youtube.com/watch?v=lKwBrxL_htU,watch,youtube.com,20230413,1681396880,,,,,1785167443
@wpopoff6461,wPopoff,UC4KyIYZD1CfGCsfgB6b9gAw,251000,,,Acheron 36-100,https://i.ytimg.com/vi/CeJQn7Gm5BQ/hqdefault.jpg,CeJQn7Gm5BQ,120,2:00,3156,176,79,,,['Gaming'],[],en,0,not_live,False,public,,,,,,30,640x360,18,mp4,avc1.42001E,mp4a.40.2,SDR,1.78,,611.631,,,44100,2,youtube,Youtube,https://www.youtube.com/watch?v=CeJQn7Gm5BQ,https://www.youtube.com/watch?v=CeJQn7Gm5BQ,watch,youtube.com,20230411,1681184237,,,,,1785167445
@wpopoff6461,wPopoff,UC4KyIYZD1CfGCsfgB6b9gAw,251000,,,Acheron 47%,https://i.ytimg.com/vi/2zvZTkasmLA/hqdefault.jpg?sqp=-oaymwEmCOADEOgC8quKqQMa8AEB-AH-CYAC0AWKAgwIABABGGUgZShlMA8=&rs=AOn4CLDAwj0tM6z6b2v-WAKLuiWLnQXSlQ&usqp=CBc,2zvZTkasmLA,63,1:03,3101,166,45,,,['Gaming'],[],en,0,not_live,False,public,,,,,,30,640x360,18,mp4,avc1.42001E,mp4a.40.2,SDR,1.78,4238149,541.616,,,44100,2,youtube,Youtube,https://www.youtube.com/watch?v=2zvZTkasmLA,https://www.youtube.com/watch?v=2zvZTkasmLA,watch,youtube.com,20230407,1680893810,,,,,1785167447
@wpopoff6461,wPopoff,UC4KyIYZD1CfGCsfgB6b9gAw,251000,,,Wasureta (I found a list demon easier than Arctic lights) (ignore my goofy reaction),https://i.ytimg.com/vi/rDwXzvo4Q84/maxresdefault.jpg,rDwXzvo4Q84,117,1:57,5376,220,35,,,['Gaming'],"['games', 'twitch']",en,0,not_live,False,public,,,,,,30,640x360,18,mp4,avc1.42001E,mp4a.40.2,SDR,1.78,7905865,540.225,,,44100,2,youtube,Youtube,https://www.youtube.com/watch?v=rDwXzvo4Q84,https://www.youtube.com/watch?v=rDwXzvo4Q84,watch,youtube.com,20230406,1680794737,,,,,1785167449
@wpopoff6461,wPopoff,UC4KyIYZD1CfGCsfgB6b9gAw,251000,,,(TOP 1) (verifying) Kingdom of miracles 58-100,https://i.ytimg.com/vi/JCatrWrfeTg/maxresdefault.jpg,JCatrWrfeTg,107,1:47,61190,1679,104,,,['Gaming'],[],,0,not_live,False,public,,,,,,30,640x360,18,mp4,avc1.42001E,mp4a.40.2,SDR,1.78,,716.836,,,44100,2,youtube,Youtube,https://www.youtube.com/watch?v=JCatrWrfeTg,https://www.youtube.com/watch?v=JCatrWrfeTg,watch,youtube.com,20230401,1680362960,,,,,1785167451
@wpopoff6461,wPopoff,UC4KyIYZD1CfGCsfgB6b9gAw,251000,,,Trueffet 100%  (Based demon),https://i.ytimg.com/vi/BZT1lDSnmcU/maxresdefault.jpg,BZT1lDSnmcU,112,1:52,5638,238,44,,,['Gaming'],"['games', 'twitch']",en,0,not_live,False,public,,,,,,30,640x360,18,mp4,avc1.42001E,mp4a.40.2,SDR,1.78,8128214,580.281,,,44100,2,youtube,Youtube,https://www.youtube.com/watch?v=BZT1lDSnmcU,https://www.youtube.com/watch?v=BZT1lDSnmcU,watch,youtube.com,20230329,1680129549,,,,,1785167453
@wpopoff6461,wPopoff,UC4KyIYZD1CfGCsfgB6b9gAw,251000,,,Superhatemeworld 100%,https://i.ytimg.com/vi/0TrT-zOvd5Y/maxresdefault.jpg,0TrT-zOvd5Y,150,2:30,5736,259,61,,,['Gaming'],[],en,0,not_live,False,public,,,,,,30,640x360,18,mp4,avc1.42001E,mp4a.40.2,SDR,1.78,,583.555,,,44100,2,youtube,Youtube,https://www.youtube.com/watch?v=0TrT-zOvd5Y,https://www.youtube.com/watch?v=0TrT-zOvd5Y,watch,youtube.com,20230325,1679772914,,,,,1785167455
@wpopoff6461,wPopoff,UC4KyIYZD1CfGCsfgB6b9gAw,251000,,,Cosmic cyclone 100%,https://i.ytimg.com/vi/Ws-yLXhj4BE/sddefault.jpg,Ws-yLXhj4BE,276,4:36,2952,148,36,,,['Gaming'],[],en,0,not_live,False,public,,,,,,30,640x360,18,mp4,avc1.42001E,mp4a.40.2,SDR,1.78,,659.685,,,44100,2,youtube,Youtube,https://www.youtube.com/watch?v=Ws-yLXhj4BE,https://www.youtube.com/watch?v=Ws-yLXhj4BE,watch,youtube.com,20230323,1679534788,,,,,1785167457
@wpopoff6461,wPopoff,UC4KyIYZD1CfGCsfgB6b9gAw,251000,,,Launchpad labyrinth 100%,https://i.ytimg.com/vi/H--suO5ChVg/maxresdefault.jpg,H--suO5ChVg,253,4:13,7143,242,37,,,['Gaming'],[],en,0,not_live,False,public,,,,,,30,640x360,18,mp4,avc1.42001E,mp4a.40.2,SDR,1.78,,548.042,,,44100,2,youtube,Youtube,https://www.youtube.com/watch?v=H--suO5ChVg,https://www.youtube.com/watch?v=H--suO5ChVg,watch,youtube.com,20230318,1679164154,,,,,1785167459
@wpopoff6461,wPopoff,UC4KyIYZD1CfGCsfgB6b9gAw,251000,,,Omega interface 100%,https://i.ytimg.com/vi/XcCqhMy1W7Q/maxresdefault.jpg,XcCqhMy1W7Q,171,2:51,2013,99,24,,,['Gaming'],[],en,0,not_live,False,public,,,,,,30,640x360,18,mp4,avc1.42001E,mp4a.40.2,SDR,1.78,,694.095,,,44100,2,youtube,Youtube,https://www.youtube.com/watch?v=XcCqhMy1W7Q,https://www.youtube.com/watch?v=XcCqhMy1W7Q,watch,youtube.com,20230314,1678757691,,,,,1785167460
@wpopoff6461,wPopoff,UC4KyIYZD1CfGCsfgB6b9gAw,251000,,,Kappa 100%,https://i.ytimg.com/vi/4n7CoXaL-t4/maxresdefault.jpg,4n7CoXaL-t4,262,4:22,2008,103,31,,,['Gaming'],[],en,0,not_live,False,public,,,,,,30,640x360,18,mp4,avc1.42001E,mp4a.40.2,SDR,1.78,,678.389,,,44100,2,youtube,Youtube,https://www.youtube.com/watch?v=4n7CoXaL-t4,https://www.youtube.com/watch?v=4n7CoXaL-t4,watch,youtube.com,20230311,1678568376,,,,,1785167462
@wpopoff6461,wPopoff,UC4KyIYZD1CfGCsfgB6b9gAw,251000,,,qoUEO 100%,https://i.ytimg.com/vi/VWNgRY6EbIQ/maxresdefault.jpg,VWNgRY6EbIQ,126,2:06,3607,175,42,,,['Gaming'],[],en,0,not_live,False,public,,,,,,30,640x360,18,mp4,avc1.42001E,mp4a.40.2,SDR,1.78,,608.048,,,44100,2,youtube,Youtube,https://www.youtube.com/watch?v=VWNgRY6EbIQ,https://www.youtube.com/watch?v=VWNgRY6EbIQ,watch,youtube.com,20230310,1678416867,,,,,1785167464
@wpopoff6461,wPopoff,UC4KyIYZD1CfGCsfgB6b9gAw,251000,,,Thinking space 100%,https://i.ytimg.com/vi/CPW2ts9mQsM/sddefault.jpg,CPW2ts9mQsM,131,2:11,9219,358,65,,,['Gaming'],[],en,0,not_live,False,public,,,,,,30,640x360,18,mp4,avc1.42001E,mp4a.40.2,SDR,1.78,9387609,574.992,,,44100,2,youtube,Youtube,https://www.youtube.com/watch?v=CPW2ts9mQsM,https://www.youtube.com/watch?v=CPW2ts9mQsM,watch,youtube.com,20230306,1678145113,,,,,1785167466
@wpopoff6461,wPopoff,UC4KyIYZD1CfGCsfgB6b9gAw,251000,,,Tartarus 100%,https://i.ytimg.com/vi/gKa4FXKAe1M/sddefault.jpg,gKa4FXKAe1M,142,2:22,12407,449,74,,,['Gaming'],[],en,0,not_live,False,public,,,,,,30,640x360,18,mp4,avc1.42001E,mp4a.40.2,SDR,1.78,,663.648,,,44100,2,youtube,Youtube,https://www.youtube.com/watch?v=gKa4FXKAe1M,https://www.youtube.com/watch?v=gKa4FXKAe1M,watch,youtube.com,20230304,1677909993,,,,,1785167468
@wpopoff6461,wPopoff,UC4KyIYZD1CfGCsfgB6b9gAw,251000,,,Macabre 100%,https://i.ytimg.com/vi/Z-KmS79FtKA/maxresdefault.jpg,Z-KmS79FtKA,100,1:40,2050,97,43,,,['Gaming'],[],,0,not_live,False,public,,,,,,30,640x360,18,mp4,avc1.42001E,mp4a.40.2,SDR,1.78,,646.502,,,44100,2,youtube,Youtube,https://www.youtube.com/watch?v=Z-KmS79FtKA,https://www.youtube.com/watch?v=Z-KmS79FtKA,watch,youtube.com,20230228,1677558441,,,,,1785167470
@wpopoff6461,wPopoff,UC4KyIYZD1CfGCsfgB6b9gAw,251000,,,oblivion 100%,https://i.ytimg.com/vi/tghZWrA0CYA/sddefault.jpg,tghZWrA0CYA,100,1:40,7726,306,51,,,['Gaming'],[],en,0,not_live,False,public,,,,,,30,640x360,18,mp4,avc1.42001E,mp4a.40.2,SDR,1.78,,654.128,,,44100,2,youtube,Youtube,https://www.youtube.com/watch?v=tghZWrA0CYA,https://www.youtube.com/watch?v=tghZWrA0CYA,watch,youtube.com,20230225,1677315860,,,,,1785167472
@wpopoff6461,wPopoff,UC4KyIYZD1CfGCsfgB6b9gAw,251000,,,Sonic wave rebirth 100%,https://i.ytimg.com/vi/_ru9N9CvNtw/sddefault.jpg,_ru9N9CvNtw,146,2:26,2695,121,39,,,['Gaming'],[],en,0,not_live,False,public,,,,,,30,640x360,18,mp4,avc1.42001E,mp4a.40.2,SDR,1.78,,747.042,,,44100,2,youtube,Youtube,https://www.youtube.com/watch?v=_ru9N9CvNtw,https://www.youtube.com/watch?v=_ru9N9CvNtw,watch,youtube.com,20230221,1676955804,,,,,1785167474
@wpopoff6461,wPopoff,UC4KyIYZD1CfGCsfgB6b9gAw,251000,,,sonic wave 100%,https://i.ytimg.com/vi/NJz3J_tpfnk/maxresdefault.jpg,NJz3J_tpfnk,134,2:14,6454,213,30,,,['Gaming'],[],en,0,not_live,False,public,,,,,,30,640x360,18,mp4,avc1.42001E,mp4a.40.2,SDR,1.78,,718.014,,,44100,2,youtube,Youtube,https://www.youtube.com/watch?v=NJz3J_tpfnk,https://www.youtube.com/watch?v=NJz3J_tpfnk,watch,youtube.com,20230217,1676674557,,,,,1785167476
@wpopoff6461,wPopoff,UC4KyIYZD1CfGCsfgB6b9gAw,251000,,,bloodlust 100%,https://i.ytimg.com/vi/Q-r8OBhJI50/maxresdefault.jpg,Q-r8OBhJI50,392,6:32,9881,413,53,,,['Gaming'],[],,0,not_live,False,public,,,,,,30,640x360,18,mp4,avc1.42001E,mp4a.40.2,SDR,1.78,,667.955,,,44100,2,youtube,Youtube,https://www.youtube.com/watch?v=Q-r8OBhJI50,https://www.youtube.com/watch?v=Q-r8OBhJI50,watch,youtube.com,20230217,1676605911,,,,,1785167478
@wpopoff6461,wPopoff,UC4KyIYZD1CfGCsfgB6b9gAw,251000,,,delusion 100%,https://i.ytimg.com/vi/bbujgDL5S28/hqdefault.jpg,bbujgDL5S28,48,48,3425,179,27,,,['Gaming'],[],en,0,not_live,False,public,,,,,,30,640x360,18,mp4,avc1.42001E,mp4a.40.2,SDR,1.78,,498.323,,,44100,2,youtube,Youtube,https://www.youtube.com/watch?v=bbujgDL5S28,https://www.youtube.com/watch?v=bbujgDL5S28,watch,youtube.com,20230212,1676240284,,,,,1785167480
@wpopoff6461,wPopoff,UC4KyIYZD1CfGCsfgB6b9gAw,251000,,,cognition 100%,https://i.ytimg.com/vi/J0XOtQC80q4/sddefault.jpg,J0XOtQC80q4,78,1:18,4050,186,30,,,['Gaming'],[],en,0,not_live,False,public,,,,,,30,640x360,18,mp4,avc1.42001E,mp4a.40.2,SDR,1.78,,641.862,,,44100,2,youtube,Youtube,https://www.youtube.com/watch?v=J0XOtQC80q4,https://www.youtube.com/watch?v=J0XOtQC80q4,watch,youtube.com,20230209,1675915697,,,,,1785167482
@wpopoff6461,wPopoff,UC4KyIYZD1CfGCsfgB6b9gAw,251000,,,Jesse Pinkman 100%,https://i.ytimg.com/vi/cb40dF87Cqw/maxresdefault.jpg,cb40dF87Cqw,91,1:31,3442,155,33,,,['Gaming'],[],en,0,not_live,False,public,,,,,,30,640x360,18,mp4,avc1.42001E,mp4a.40.2,SDR,1.78,,724.295,,,44100,2,youtube,Youtube,https://www.youtube.com/watch?v=cb40dF87Cqw,https://www.youtube.com/watch?v=cb40dF87Cqw,watch,youtube.com,20230205,1675631436,,,,,1785167484
@wpopoff6461,wPopoff,UC4KyIYZD1CfGCsfgB6b9gAw,251000,,,crimson planet 100% (My unluckiest experience),https://i.ytimg.com/vi/SEqLdX0VTVE/sddefault.jpg,SEqLdX0VTVE,97,1:37,4693,172,22,,,['Gaming'],[],,0,not_live,False,public,,,,,,30,640x360,18,mp4,avc1.42001E,mp4a.40.2,SDR,1.78,,609.293,,,44100,2,youtube,Youtube,https://www.youtube.com/watch?v=SEqLdX0VTVE,https://www.youtube.com/watch?v=SEqLdX0VTVE,watch,youtube.com,20230205,1675565987,,,,,1785167485
@wpopoff6461,wPopoff,UC4KyIYZD1CfGCsfgB6b9gAw,251000,,,Rust 100%,https://i.ytimg.com/vi/3PPrnjYrR54/sddefault.jpg,3PPrnjYrR54,122,2:02,3626,166,36,,,['Gaming'],[],,0,not_live,False,public,,,,,,30,640x360,18,mp4,avc1.42001E,mp4a.40.2,SDR,1.78,,655.701,,,44100,2,youtube,Youtube,https://www.youtube.com/watch?v=3PPrnjYrR54,https://www.youtube.com/watch?v=3PPrnjYrR54,watch,youtube.com,20230201,1675220801,,,,,1785167487
@wpopoff6461,wPopoff,UC4KyIYZD1CfGCsfgB6b9gAw,251000,,,The yandere 100%,https://i.ytimg.com/vi/uXwT_1SEgpQ/sddefault.jpg,uXwT_1SEgpQ,196,3:16,7955,315,48,,,['Gaming'],[],en,0,not_live,False,public,,,,,,30,640x360,18,mp4,avc1.42001E,mp4a.40.2,SDR,1.78,,657.74,,,44100,2,youtube,Youtube,https://www.youtube.com/watch?v=uXwT_1SEgpQ,https://www.youtube.com/watch?v=uXwT_1SEgpQ,watch,youtube.com,20230129,1674972651,,,,,1785167489
@wpopoff6461,wPopoff,UC4KyIYZD1CfGCsfgB6b9gAw,251000,,,Nunri 100%,https://i.ytimg.com/vi/Wju2ynEMqoM/maxresdefault.jpg,Wju2ynEMqoM,117,1:57,2054,100,38,,,['Gaming'],[],en,0,not_live,False,public,,,,,,30,640x360,18,mp4,avc1.42001E,mp4a.40.2,SDR,1.78,,712.294,,,44100,2,youtube,Youtube,https://www.youtube.com/watch?v=Wju2ynEMqoM,https://www.youtube.com/watch?v=Wju2ynEMqoM,watch,youtube.com,20230127,1674792711,,,,,1785167492
@wpopoff6461,wPopoff,UC4KyIYZD1CfGCsfgB6b9gAw,251000,,,innards 100%,https://i.ytimg.com/vi/QQUIAlP9was/maxresdefault.jpg,QQUIAlP9was,98,1:38,2596,101,18,,,['Gaming'],[],,0,not_live,False,public,,,,,,30,640x360,18,mp4,avc1.42001E,mp4a.40.2,SDR,1.78,,724.608,,,44100,2,youtube,Youtube,https://www.youtube.com/watch?v=QQUIAlP9was,https://www.youtube.com/watch?v=QQUIAlP9was,watch,youtube.com,20230126,1674697697,,,,,1785167494
@wpopoff6461,wPopoff,UC4KyIYZD1CfGCsfgB6b9gAw,251000,,,zodiac completion,https://i.ytimg.com/vi/9F8SOFhCgJE/maxresdefault.jpg,9F8SOFhCgJE,257,4:17,11730,383,91,,,['Gaming'],[],,0,not_live,False,public,,,,,,30,640x360,18,mp4,avc1.42001E,mp4a.40.2,SDR,1.78,,666.31,,,44100,2,youtube,Youtube,https://www.youtube.com/watch?v=9F8SOFhCgJE,https://www.youtube.com/watch?v=9F8SOFhCgJE,watch,youtube.com,20230124,1674535352,,,,,1785167496
@wpopoff6461,wPopoff,UC4KyIYZD1CfGCsfgB6b9gAw,251000,,,Arctic lights 100% (Legacy list demon) (free demon 2023 not patched),https://i.ytimg.com/vi/ldnX7HFx-Yw/maxresdefault.jpg,ldnX7HFx-Yw,82,1:22,8973,285,53,,,['Gaming'],"['games', 'twitch']",en,0,not_live,False,public,,,,,,30,640x360,18,mp4,avc1.42001E,mp4a.40.2,SDR,1.78,7481637,729.39,,,44100,2,youtube,Youtube,https://www.youtube.com/watch?v=ldnX7HFx-Yw,https://www.youtube.com/watch?v=ldnX7HFx-Yw,watch,youtube.com,20230119,1674089858,,,,,1785167497
@wpopoff6461,wPopoff,UC4KyIYZD1CfGCsfgB6b9gAw,251000,,,Cataclysm 100% (baby popoff) (60fps),https://i.ytimg.com/vi/CwhtPVXtluU/maxresdefault.jpg,CwhtPVXtluU,181,3:01,70424,3358,280,,,['Gaming'],"['games', 'twitch']",en,0,not_live,False,public,,,,,,30,640x360,18,mp4,avc1.42001E,mp4a.40.2,SDR,1.78,11269774,497.858,,,44100,2,youtube,Youtube,https://www.youtube.com/watch?v=CwhtPVXtluU,https://www.youtube.com/watch?v=CwhtPVXtluU,watch,youtube.com,20230115,1673819642,,,,,1785167499
@wpopoff6461,wPopoff,UC4KyIYZD1CfGCsfgB6b9gAw,251000,,,Fragile 100%,https://i.ytimg.com/vi/jytQ2s3Ifcc/maxresdefault.jpg,jytQ2s3Ifcc,163,2:43,6388,237,46,,,['Gaming'],[],en,0,not_live,False,public,,,,,,30,640x360,18,mp4,avc1.42001E,mp4a.40.2,SDR,1.78,11681517,574.266,,,44100,2,youtube,Youtube,https://www.youtube.com/watch?v=jytQ2s3Ifcc,https://www.youtube.com/watch?v=jytQ2s3Ifcc,watch,youtube.com,20230114,1673667591,,,,,1785167501
@wpopoff6461,wPopoff,UC4KyIYZD1CfGCsfgB6b9gAw,251000,,,Balengu vortex on 60FPS! 100%,https://i.ytimg.com/vi/CKqEImDaySo/maxresdefault.jpg,CKqEImDaySo,202,3:22,6085,212,35,,,['Gaming'],"['games', 'twitch']",en,0,not_live,False,public,,,,,,30,640x360,18,mp4,avc1.42001E,mp4a.40.2,SDR,1.78,13758499,544.729,,,44100,2,youtube,Youtube,https://www.youtube.com/watch?v=CKqEImDaySo,https://www.youtube.com/watch?v=CKqEImDaySo,watch,youtube.com,20230112,1673544206,,,,,1785167503
@wpopoff6461,wPopoff,UC4KyIYZD1CfGCsfgB6b9gAw,251000,,,Kowareta 100%,https://i.ytimg.com/vi/xOQn04xvNOw/sddefault.jpg,xOQn04xvNOw,90,1:30,10049,289,50,,,['People & Blogs'],[],en,0,not_live,False,public,,,,,,30,640x360,18,mp4,avc1.42001E,mp4a.40.2,SDR,1.78,7188562,642.129,,,44100,2,youtube,Youtube,https://www.youtube.com/watch?v=xOQn04xvNOw,https://www.youtube.com/watch?v=xOQn04xvNOw,watch,youtube.com,20230112,1673490142,,,,,1785167505
@wpopoff6461,wPopoff,UC4KyIYZD1CfGCsfgB6b9gAw,251000,,,Keeping this up for views lol this funny,https://i.ytimg.com/vi/Qk91b8oBUJ8/maxresdefault.jpg,Qk91b8oBUJ8,190,3:10,9291,295,50,,,['People & Blogs'],[],en,0,not_live,False,public,,,,,,30,640x360,18,mp4,avc1.42001E,mp4a.40.2,SDR,1.78,6235504,262.986,,,44100,2,youtube,Youtube,https://www.youtube.com/watch?v=Qk91b8oBUJ8,https://www.youtube.com/watch?v=Qk91b8oBUJ8,watch,youtube.com,20230104,1672865818,,,,,1785167507
@wpopoff6461,wPopoff,UC4KyIYZD1CfGCsfgB6b9gAw,251000,,,Slaughterhouse 100% (best completion),https://i.ytimg.com/vi/E_jSh91GUwI/maxresdefault.jpg,E_jSh91GUwI,113,1:53,128656,4118,426,,,['People & Blogs'],[],en,0,not_live,False,public,,,,,,30,640x360,18,mp4,avc1.42001E,mp4a.40.2,SDR,1.78,,554.496,,,44100,2,youtube,Youtube,https://www.youtube.com/watch?v=E_jSh91GUwI,https://www.youtube.com/watch?v=E_jSh91GUwI,watch,youtube.com,20230103,1672722008,20230103,1672722008,,,1785167509
@wpopoff6461,wPopoff,UC4KyIYZD1CfGCsfgB6b9gAw,251000,,,Ddiamond 100%,https://i.ytimg.com/vi/mB4G2ldWp10/maxresdefault.jpg,mB4G2ldWp10,163,2:43,13071,288,24,,,['People & Blogs'],[],,0,not_live,False,public,,,,,,30,640x360,18,mp4,avc1.42001E,mp4a.40.2,SDR,1.78,,731.07,,,44100,2,youtube,Youtube,https://www.youtube.com/watch?v=mB4G2ldWp10,https://www.youtube.com/watch?v=mB4G2ldWp10,watch,youtube.com,20221227,1672174113,,,,,1785167511
@wpopoff6461,wPopoff,UC4KyIYZD1CfGCsfgB6b9gAw,251000,,,"Dolos 100%, (sad completion)",https://i.ytimg.com/vi/HjdpT6hwrgc/maxresdefault.jpg,HjdpT6hwrgc,124,2:04,36670,882,131,,,['People & Blogs'],[],,0,not_live,False,public,,,,,,30,640x360,18,mp4,avc1.42001E,mp4a.40.2,SDR,1.78,,621.823,,,44100,2,youtube,Youtube,https://www.youtube.com/watch?v=HjdpT6hwrgc,https://www.youtube.com/watch?v=HjdpT6hwrgc,watch,youtube.com,20221107,1667779368,,,,,1785167513
